name,datetime,tempmax,tempmin,temp,feelslikemax,feelslikemin,feelslike,dew,humidity,precip,precipprob,precipcover,preciptype,snow,snowdepth,windgust,windspeed,winddir,sealevelpressure,cloudcover,visibility,solarradiation,solarenergy,uvindex,severerisk,sunrise,sunset,moonphase,conditions,description,icon,stations
cairo,2025-01-01,19,10.9,14.9,19,10.9,14.9,8.6,67,0,0,0,,0,0,33.1,16.6,23.5,1027.5,36.3,6.6,138.5,12.2,6,,2025-01-01T06:51:15,2025-01-01T17:06:22,0.05,Partially cloudy,Partly cloudy throughout the day.,partly-cloudy-day,"HECA,62366099999"
cairo,2025-01-02,20,10,14.8,20,9.6,14.8,5.3,56.8,0,0,0,,0,0,38.9,25.9,51.6,1026.6,0,10,162.2,14,6,,2025-01-02T06:51:28,2025-01-02T17:07:05,0.09,Clear,Clear conditions throughout the day.,clear-day,"HECA,62366099999"
cairo,2025-01-03,20,10,14.9,20,9.6,14.9,5.7,55.4,0,0,0,,0,0,38.9,27.7,60,1023.4,26.1,10,159.5,13.6,6,,2025-01-03T06:51:40,2025-01-03T17:07:49,0.12,Partially cloudy,Partly cloudy throughout the day.,partly-cloudy-day,"HECA,62366099999"
cairo,2025-01-04,21,12,16,21,12,16,1.8,40.2,0,0,0,,0,0,23.4,18.4,55.6,1017.1,77.4,10,126,10.8,5,,2025-01-04T06:51:50,2025-01-04T17:08:34,0.16,Partially cloudy,Partly cloudy throughout the day.,partly-cloudy-day,"HECA,62366099999"
cairo,2025-01-05,20,12,15.9,20,12,15.9,5.1,51,0.1,0,0,rain,0,0,35.6,35.3,238.1,1011.4,47.3,6.8,157.7,13.8,6,,2025-01-05T06:51:59,2025-01-05T17:09:20,0.2,Partially cloudy,Partly cloudy throughout the day.,partly-cloudy-day,"HECA,62366099999"
cairo,2025-01-06,20.1,14,16.7,20.1,14,16.7,12.5,78.3,0,0,0,,0,0,38.9,25.9,339.9,1020.2,40.4,7.5,130.8,11.3,6,,2025-01-06T06:52:05,2025-01-06T17:10:06,0.23,Partially cloudy,Partly cloudy throughout the day.,partly-cloudy-day,"HECA,62366099999"
cairo,2025-01-07,20,13,16.3,20,13,16.3,10.4,70.3,0,0,0,,0,0,32.4,20.5,34.4,1023.5,23.9,5.5,147.9,12.7,6,,2025-01-07T06:52:11,2025-01-07T17:10:53,0.25,Partially cloudy,Partly cloudy throughout the day.,partly-cloudy-day,"HECA,62366099999"
cairo,2025-01-08,22,10,15.7,22,9.6,15.6,6.3,57.6,0,0,0,,0,0,29.9,16.6,52.2,1021,12,9.2,167.8,14.6,6,,2025-01-08T06:52:14,2025-01-08T17:11:41,0.3,Clear,Clear conditions throughout the day.,clear-day,"HECA,62366099999"
cairo,2025-01-09,21,10,15.7,21,10,15.7,6.2,54.6,0,0,0,,0,0,17.6,13,352.6,1016.1,4.5,6.5,168.4,14.6,6,,2025-01-09T06:52:16,2025-01-09T17:12:29,0.34,Clear,Clear conditions throughout the day.,clear-day,"HECA,62366099999"
cairo,2025-01-10,20,12.9,16.1,20,12.9,16.1,7.9,58.6,0,0,0,,0,0,33.8,20.5,271.4,1015.1,23.9,5.9,153.2,13,6,,2025-01-10T06:52:17,2025-01-10T17:13:18,0.37,Partially cloudy,Partly cloudy throughout the day.,partly-cloudy-day,"HECA,62366099999"
cairo,2025-01-11,20,14,16.8,20,14,16.8,10.5,67.7,0,0,0,,0,0,29.5,16.6,250.7,1020,45.7,8.3,122.3,10.5,5,,2025-01-11T06:52:15,2025-01-11T17:14:08,0.41,Partially cloudy,Partly cloudy throughout the day.,partly-cloudy-day,"HECA,62366099999"
cairo,2025-01-12,22.8,13,17.1,22.8,13,17.1,8.8,59.9,0,0,0,,0,0,19.1,9.4,96.3,1021.6,15.2,4.4,166.4,14.3,6,,2025-01-12T06:52:12,2025-01-12T17:14:58,0.45,Clear,Clear conditions throughout the day.,clear-day,"HECA,62366099999"
cairo,2025-01-13,23,12,17.3,23,12,17.3,7.3,55.1,0,0,0,,0,0,19.1,13,52.6,1020.6,10.7,8.3,171.1,14.8,7,,2025-01-13T06:52:07,2025-01-13T17:15:48,0.48,Clear,Clear conditions throughout the day.,clear-day,"HECA,62366099999"
cairo,2025-01-14,20,11.9,16,20,11.9,16,9.8,67.8,0,0,0,,0,0,15.1,11.2,356.3,1018.7,29.4,3.8,149,13,6,,2025-01-14T06:52:01,2025-01-14T17:16:39,0.5,Partially cloudy,Partly cloudy throughout the day.,partly-cloudy-day,"HECA,62366099999"
cairo,2025-01-15,20,13.8,16.8,20,13.8,16.8,11.3,72.3,0,0,0,,0,0,24.1,14.8,34.8,1019.3,45.2,4.5,144.3,12.4,7,,2025-01-15T06:51:53,2025-01-15T17:17:30,0.55,Partially cloudy,Partly cloudy throughout the day.,partly-cloudy-day,"HECA,62366099999"
cairo,2025-01-16,21,14,17.2,21,14,17.2,12.6,75.5,0,0,0,,0,0,42.5,27.7,50,1023,66.2,6.6,157.8,13.7,6,,2025-01-16T06:51:43,2025-01-16T17:18:21,0.58,Partially cloudy,Partly cloudy throughout the day.,partly-cloudy-day,"HECA,62366099999"
cairo,2025-01-17,20,14,16.6,20,14,16.6,12.4,78.8,0,0,0,,0,0,42.5,27.7,35.4,1024.6,52.9,7,127.4,11,5,,2025-01-17T06:51:32,2025-01-17T17:19:13,0.61,Partially cloudy,Partly cloudy throughout the day.,partly-cloudy-day,"HECA,62366099999"
cairo,2025-01-18,20.8,13,16.4,20.8,13,16.4,9.4,66.4,0,0,0,,0,0,40,24.1,40.6,1021.8,84.5,10,162.9,14.1,6,,2025-01-18T06:51:19,2025-01-18T17:20:05,0.64,Partially cloudy,Partly cloudy throughout the day.,partly-cloudy-day,"HECA,62366099999"
cairo,2025-01-19,20,12,15.9,20,12,15.9,8.4,62.3,0,0,0,,0,0,31.7,18.4,35.1,1020.5,66.1,8.1,164.3,14.2,6,,2025-01-19T06:51:04,2025-01-19T17:20:57,0.68,Partially cloudy,Partly cloudy throughout the day.,partly-cloudy-day,"HECA,62366099999"
cairo,2025-01-20,21,11,16.1,21,11,16.1,9.4,66,0,0,0,,0,0,20.2,14.8,43.9,1020,58.1,8,161,13.8,6,,2025-01-20T06:50:47,2025-01-20T17:21:50,0.71,Partially cloudy,Partly cloudy throughout the day.,partly-cloudy-day,"HECA,62366099999"
cairo,2025-01-21,23,13,17.2,23,13,17.2,8,59.3,0.1,0,0,rain,0,0,28.8,20.5,40.1,1020.7,60.3,9.1,161.9,13.9,7,,2025-01-21T06:50:29,2025-01-21T17:22:42,0.75,Partially cloudy,Partly cloudy throughout the day.,partly-cloudy-day,"HECA,62366099999"
cairo,2025-01-22,21,14,17,21,14,17,12.6,76.3,0.4,0,4.17,rain,0,0,28.4,22.3,20.5,1020.2,54.7,8.8,169.9,14.7,7,,2025-01-22T06:50:10,2025-01-22T17:23:35,0.77,Partially cloudy,Partly cloudy throughout the day.,partly-cloudy-day,"HECA,62366099999"
cairo,2025-01-23,21,13,16.6,21,13,16.6,10.7,70.7,0,0,0,,0,0,33.1,18.4,307.1,1022.3,42.2,6.7,139.5,12.2,6,,2025-01-23T06:49:49,2025-01-23T17:24:27,0.8,Partially cloudy,Partly cloudy throughout the day.,partly-cloudy-day,"HECA,62366099999"
cairo,2025-01-24,20,11.9,16.1,20,11.9,16.1,9.6,66.8,0,0,0,,0,0,27.4,13,355.3,1022.2,22.8,7.6,162.7,14,6,,2025-01-24T06:49:26,2025-01-24T17:25:20,0.84,Partially cloudy,Partly cloudy throughout the day.,partly-cloudy-day,"HECA,62366099999"
cairo,2025-01-25,20,12,16.2,20,12,16.2,9,63.3,0,0,0,,0,0,20.5,14.8,53.5,1020,45.2,10,143.4,12.3,5,,2025-01-25T06:49:01,2025-01-25T17:26:13,0.87,Partially cloudy,Partly cloudy throughout the day.,partly-cloudy-day,"HECA,62366099999"
cairo,2025-01-26,21,12,16.8,21,12,16.8,8.4,59.6,0,0,0,,0,0,26.3,16.6,351.5,1019.2,22.6,6.9,172.9,14.9,7,,2025-01-26T06:48:35,2025-01-26T17:27:05,0.9,Partially cloudy,Partly cloudy throughout the day.,partly-cloudy-day,"HECA,62366099999"
cairo,2025-01-27,20,12,15.9,20,12,15.9,9.9,68.6,0,0,0,,0,0,28.1,18.4,10.6,1020.2,43.5,6.9,174.9,15.1,7,,2025-01-27T06:48:08,2025-01-27T17:27:58,0.93,Partially cloudy,Partly cloudy throughout the day.,partly-cloudy-day,"HECA,62366099999"
cairo,2025-01-28,20,13,16.3,20,13,16.3,9.6,67.6,0,0,0,,0,0,37.8,29.5,27.6,1019.4,62.5,8.4,149.2,12.9,6,,2025-01-28T06:47:39,2025-01-28T17:28:50,0.96,Partially cloudy,Partly cloudy throughout the day.,partly-cloudy-day,"HECA,62366099999"
cairo,2025-01-29,20.8,12,16.1,20.8,12,16.1,8.5,61.7,0,0,0,,0,0,37.1,24.1,16.6,1022,27.2,9.3,183.5,15.9,7,,2025-01-29T06:47:08,2025-01-29T17:29:42,0,Partially cloudy,Partly cloudy throughout the day.,partly-cloudy-day,"HECA,62366099999"
cairo,2025-01-30,22,12,16.7,22,12,16.7,11.2,71.8,0,0,0,,0,0,31.7,16.6,7.3,1023.4,16.1,6.6,189.1,16.1,7,,2025-01-30T06:46:36,2025-01-30T17:30:35,0.03,Clear,Clear conditions throughout the day.,clear-day,"HECA,62366099999"
cairo,2025-01-31,20,12,16.2,20,12,16.2,9,63.7,0,0,0,,0,0,32.8,20.5,355.2,1024.3,13.5,7.4,185.7,15.9,7,,2025-01-31T06:46:02,2025-01-31T17:31:27,0.07,Clear,Clear conditions throughout the day.,clear-day,"HECA,62366099999"
cairo,2025-02-01,21,12,16.2,21,12,16.2,9.5,66.3,0,0,0,,0,0,33.1,22.3,32.3,1023.2,58.1,9.8,182.8,15.7,7,,2025-02-01T06:45:27,2025-02-01T17:32:18,0.1,Partially cloudy,Partly cloudy throughout the day.,partly-cloudy-day,"HECA,62366099999"
cairo,2025-02-02,22,11,16.5,22,11,16.5,8.3,62.9,0,0,0,,0,0,37.4,29.5,52.5,1021.1,88.5,10,178.4,15.5,7,,2025-02-02T06:44:51,2025-02-02T17:33:10,0.14,Partially cloudy,Partly cloudy throughout the day.,partly-cloudy-day,"HECA,62366099999"
cairo,2025-02-03,22,12,17,22,12,17,8.6,60.1,0,0,0,,0,0,23,18.4,38.7,1017.6,61.7,8.8,164,14.1,6,,2025-02-03T06:44:13,2025-02-03T17:34:01,0.17,Partially cloudy,Partly cloudy throughout the day.,partly-cloudy-day,"HECA,62366099999"
cairo,2025-02-04,20,12.9,16.3,20,12.9,16.3,11.1,73.5,0,0,0,,0,0,26.6,18.4,15.4,1016.4,47.2,6.9,188.8,16.3,7,,2025-02-04T06:43:34,2025-02-04T17:34:52,0.21,Partially cloudy,Partly cloudy throughout the day.,partly-cloudy-day,"HECA,62366099999"
cairo,2025-02-05,19,13,15.8,19,13,15.8,9,64.4,0,0,0,,0,0,46.1,27.7,281.1,1016,57,8,142.6,12.4,6,,2025-02-05T06:42:53,2025-02-05T17:35:43,0.25,Partially cloudy,Partly cloudy throughout the day.,partly-cloudy-day,"HECA,62366099999"
cairo,2025-02-06,15,12,13.3,15,12,13.3,3.5,51.7,0,0,0,,0,0,50.4,31.7,295.3,1017.9,70.8,10,116,10,4,,2025-02-06T06:42:11,2025-02-06T17:36:34,0.28,Partially cloudy,Partly cloudy throughout the day.,partly-cloudy-day,"HECA,62366099999"
cairo,2025-02-07,15,12,13.4,15,12,13.4,3.8,52.3,0,0,0,,0,0,34.2,18.4,310.5,1020.9,67.1,10,128.1,11.1,5,,2025-02-07T06:41:28,2025-02-07T17:37:24,0.32,Partially cloudy,Partly cloudy throughout the day.,partly-cloudy-day,"HECA,62366099999"
cairo,2025-02-08,16,11,13.2,16,11,13.2,3.9,54.8,0,0,0,,0,0,31.3,22.3,0.7,1021.7,69.4,9.8,187.5,16.4,7,,2025-02-08T06:40:43,2025-02-08T17:38:14,0.35,Partially cloudy,Partly cloudy throughout the day.,partly-cloudy-day,"HECA,62366099999"
cairo,2025-02-09,16,12,13.7,16,12,13.7,5.8,58.9,0.4,0,0,rain,0,0,36.7,33.5,265.1,1019.7,64.1,8.5,126.6,10.8,6,,2025-02-09T06:39:58,2025-02-09T17:39:03,0.39,Partially cloudy,Partly cloudy throughout the day.,partly-cloudy-day,"HECA,62366099999"
cairo,2025-02-10,17.5,11.1,14.1,17.5,11.1,14.1,6.5,61,0.1,0,0,rain,0,0,33.5,18.4,286.1,1018.7,41.7,9.8,147.4,12.6,6,,2025-02-10T06:39:11,2025-02-10T17:39:52,0.42,Partially cloudy,Partly cloudy throughout the day.,partly-cloudy-day,"HECA,62366099999"
cairo,2025-02-11,17,10,13.7,17,10,13.7,4.7,56.3,0,0,0,,0,0,33.1,18.4,309.2,1019.8,36.9,7.3,177,15.2,6,,2025-02-11T06:38:22,2025-02-11T17:40:41,0.46,Partially cloudy,Becoming cloudy in the afternoon.,partly-cloudy-day,"HECA,62366099999"
cairo,2025-02-12,17,10.1,13.6,17,10.1,13.6,5.1,58.8,0,0,0,,0,0,39.6,22.3,318.3,1022.2,34.4,8.3,190.6,16.5,7,,2025-02-12T06:37:33,2025-02-12T17:41:30,0.5,Partially cloudy,Partly cloudy throughout the day.,partly-cloudy-day,"HECA,62366099999"
cairo,2025-02-13,17,11,13.6,17,11,13.6,3.9,52.8,0,0,0,,0,0,36,24.1,345.4,1023.7,44.3,9.2,196.6,16.8,8,,2025-02-13T06:36:42,2025-02-13T17:42:18,0.53,Partially cloudy,Partly cloudy throughout the day.,partly-cloudy-day,"HECA,62366099999"
cairo,2025-02-14,19,8.8,13.6,19,8.3,13.6,4,53.6,0,0,0,,0,0,37.4,20.5,50.4,1020.9,31.3,9.8,214.5,18.5,8,,2025-02-14T06:35:50,2025-02-14T17:43:05,0.56,Partially cloudy,Becoming cloudy in the afternoon.,partly-cloudy-day,"HECA,62366099999"
cairo,2025-02-15,19.1,9,14.6,19.1,8.8,14.5,7,61.9,0,0,0,,0,0,34.2,27.7,30.6,1014.6,6.3,9.2,217.5,18.9,8,,2025-02-15T06:34:58,2025-02-15T17:43:53,0.59,Clear,Clear conditions throughout the day.,clear-day,"HECA,62366099999"
cairo,2025-02-16,20,12,15.8,20,12,15.8,7.7,61.1,0,0,0,,0,0,20.5,11.2,323.9,1015.4,31.2,7.1,208.8,18,7,,2025-02-16T06:34:04,2025-02-16T17:44:40,0.62,Partially cloudy,Partly cloudy throughout the day.,partly-cloudy-day,"HECA,62366099999"
cairo,2025-02-17,22,12,17.7,22,12,17.7,5.8,50.1,0,0,0,,0,0,35.3,18.4,164.4,1016.3,7,10,219.4,18.9,8,,2025-02-17T06:33:09,2025-02-17T17:45:26,0.66,Clear,Clear conditions throughout the day.,clear-day,"HECA,62366099999"
cairo,2025-02-18,23,14,18.5,23,14,18.5,2.2,35,0,0,0,,0,0,26.3,16.6,275.6,1017.4,17.4,8.7,218.6,18.8,8,,2025-02-18T06:32:13,2025-02-18T17:46:12,0.69,Clear,Clear conditions throughout the day.,clear-day,"HECA,62366099999"
cairo,2025-02-19,20.8,14.9,17.2,20.8,14.9,17.2,9.2,60.6,0.1,0,0,rain,0,0,37.8,18.4,341.8,1016.7,58.2,8.2,184.4,16,7,,2025-02-19T06:31:16,2025-02-19T17:46:58,0.72,Partially cloudy,Partly cloudy throughout the day.,partly-cloudy-day,"HECA,62366099999"
cairo,2025-02-20,19,13,15.6,19,13,15.6,9.3,67.2,0.1,0,0,rain,0,0,38.5,25.9,306.1,1018.7,50.4,7,142.8,12.4,5,,2025-02-20T06:30:18,2025-02-20T17:47:44,0.75,Partially cloudy,Partly cloudy throughout the day.,partly-cloudy-day,"HECA,62366099999"
cairo,2025-02-21,16,11,13.6,16,11,13.6,3.8,52.3,0,0,0,,0,0,33.8,18.4,317.5,1020.6,60.5,10,139.2,11.9,5,,2025-02-21T06:29:19,2025-02-21T17:48:29,0.79,Partially cloudy,Partly cloudy throughout the day.,partly-cloudy-day,"HECA,62366099999"
cairo,2025-02-22,16,10,12.6,16,8.5,12.5,3.1,53.8,0,0,0,,0,0,39.2,22.3,323.2,1021.3,47.9,10,188.3,16.1,6,,2025-02-22T06:28:19,2025-02-22T17:49:13,0.82,Partially cloudy,Partly cloudy throughout the day.,partly-cloudy-day,"HECA,62366099999"
cairo,2025-02-23,14,9,11.8,14,6.5,11.5,3.1,56.9,0,0,0,,0,0,38.2,33.5,16.8,1023.8,51.4,9.4,221.1,18.9,8,,2025-02-23T06:27:19,2025-02-23T17:49:57,0.85,Partially cloudy,Partly cloudy throughout the day.,partly-cloudy-day,"HECA,62366099999"
cairo,2025-02-24,14.1,8,11.2,14.1,8,10.9,3.4,59.3,0,0,0,,0,0,37.4,29.5,20.9,1025.7,58.6,8.9,177.5,15.3,7,,2025-02-24T06:26:17,2025-02-24T17:50:41,0.88,Partially cloudy,Partly cloudy throughout the day.,partly-cloudy-day,"HECA,62366099999"
cairo,2025-02-25,15.3,7,11.3,15.3,6.3,10.9,2.2,54.7,0,0,0,,0,0,43.2,24.1,40.6,1024.7,52.8,10,232,20.2,8,,2025-02-25T06:25:15,2025-02-25T17:51:25,0.92,Partially cloudy,Partly cloudy throughout the day.,partly-cloudy-day,"HECA,62366099999"
cairo,2025-02-26,18,9,13.2,18,7.6,12.7,3.1,51.8,0.1,0,0,rain,0,0,43.6,29.5,49.4,1022.2,59.6,10,224.7,19.4,8,,2025-02-26T06:24:12,2025-02-26T17:52:08,0.95,Partially cloudy,Partly cloudy throughout the day.,partly-cloudy-day,"HECA,62366099999"
cairo,2025-02-27,20,10,14.8,20,9.1,14.7,5.1,54.3,0,0,0,,0,0,38.2,31.7,48,1022.6,12.5,10,235.3,20.3,8,,2025-02-27T06:23:08,2025-02-27T17:52:50,0.98,Clear,Clear conditions throughout the day.,clear-day,"HECA,62366099999"
cairo,2025-02-28,20,10,15.3,20,9.6,15.3,5.7,56,0,0,0,,0,0,29.2,16.6,31.6,1020.5,17.9,9.4,237.1,20.6,8,,2025-02-28T06:22:04,2025-02-28T17:53:33,0,Clear,Clear conditions throughout the day.,clear-day,"HECA,62366099999"
cairo,2025-03-01,21,13,16.6,21,13,16.6,7.7,56.7,0,0,0,,0,0,31,18.4,345.8,1020.9,30.3,9,200.1,17.3,7,,2025-03-01T06:20:59,2025-03-01T17:54:15,0.05,Partially cloudy,Partly cloudy throughout the day.,partly-cloudy-day,"HECA,62366099999"
cairo,2025-03-02,22,11,16.4,22,11,16.4,7.6,58.9,0,0,0,,0,0,32.8,27.7,46.4,1021.1,41.9,10,241.8,20.9,8,,2025-03-02T06:19:53,2025-03-02T17:54:56,0.08,Partially cloudy,Partly cloudy throughout the day.,partly-cloudy-day,"HECA,62366099999"
cairo,2025-03-03,22,11,16.5,22,11,16.5,9.6,66.6,0,0,0,,0,0,32.4,25.9,23.3,1013.9,59.1,9.1,204.3,17.5,7,,2025-03-03T06:18:47,2025-03-03T17:55:38,0.12,Partially cloudy,Partly cloudy throughout the day.,partly-cloudy-day,"HECA,62366099999"
cairo,2025-03-04,20,13,16.4,20,13,16.4,9,63.3,0,0,0,,0,0,34.9,24.1,10.9,1011.2,44,9.4,195.2,17,7,,2025-03-04T06:17:39,2025-03-04T17:56:18,0.15,Partially cloudy,Partly cloudy throughout the day.,partly-cloudy-day,"HECA,62366099999"
cairo,2025-03-05,20.1,13,16.3,20.1,13,16.3,9.8,67.3,1.1,100,8.33,rain,0,0,31,22.3,333.1,1014.9,48.1,7.8,192.5,16.5,6,,2025-03-05T06:16:32,2025-03-05T17:56:59,0.19,"Rain, Partially cloudy",Partly cloudy throughout the day with rain.,rain,"HECA,62366099999"
cairo,2025-03-06,21,13.8,16.6,21,13.8,16.6,11.3,72.5,0,0,0,,0,0,36,24.1,6.8,1016.3,48.6,7,227.1,19.6,8,,2025-03-06T06:15:24,2025-03-06T17:57:39,0.25,Partially cloudy,Partly cloudy throughout the day.,partly-cloudy-day,"HECA,62366099999"
cairo,2025-03-07,21,13,16.8,21,13,16.8,10.8,71,0,0,0,,0,0,25.9,16.6,334.7,1016.1,33.5,5.7,180.9,15.7,7,,2025-03-07T06:14:15,2025-03-07T17:58:19,0.26,Partially cloudy,Partly cloudy throughout the day.,partly-cloudy-day,"HECA,62366099999"
cairo,2025-03-08,22,14,17.8,22,14,17.8,11,68.2,0,0,0,,0,0,24.8,18.4,322.6,1014.6,37.9,7.1,217.9,18.8,8,,2025-03-08T06:13:06,2025-03-08T17:58:59,0.29,Partially cloudy,Partly cloudy throughout the day.,partly-cloudy-day,"HECA,62366099999"
cairo,2025-03-09,23,15,18.9,23,15,18.9,8,53.6,0,0,0,,0,0,27.4,18.4,20.2,1015,24.9,9.7,235.3,20.3,8,,2025-03-09T06:11:56,2025-03-09T17:59:39,0.33,Partially cloudy,Partly cloudy throughout the day.,partly-cloudy-day,"HECA,62366099999"
cairo,2025-03-10,25,16,20.4,25,16,20.4,4.7,37.2,0,0,0,,0,0,32,18.4,47.9,1018,12.5,10,220.7,19,8,,2025-03-10T06:10:46,2025-03-10T18:00:18,0.36,Clear,Clear conditions throughout the day.,clear-day,"HECA,62366099999"
cairo,2025-03-11,26,14,19.8,26,14,19.8,6.8,46.1,0,0,0,,0,0,36,24.1,48.7,1019.6,0,9.8,260.6,22.5,9,,2025-03-11T06:09:36,2025-03-11T18:00:57,0.4,Clear,Clear conditions throughout the day.,clear-day,"HECA,62366099999"
cairo,2025-03-12,28,14,20,26.9,14,19.9,13.1,69.5,0,0,0,,0,0,35.3,27.7,46.3,1017,18.1,9.3,254.9,21.9,9,,2025-03-12T06:08:25,2025-03-12T18:01:36,0.43,Clear,Clear conditions throughout the day.,clear-day,"HECA,62366099999"
cairo,2025-03-13,30,16,23.3,28.2,16,22.8,9.4,47.2,0,0,0,,0,0,24.8,14.8,16.5,1013.5,65.3,9.1,256.4,22.2,9,,2025-03-13T06:07:14,2025-03-13T18:02:14,0.47,Partially cloudy,Partly cloudy throughout the day.,partly-cloudy-day,"HECA,62366099999"
cairo,2025-03-14,30.9,19,24.6,28.9,19,24,5.8,32.1,0,0,0,,0,0,31,22.3,26.2,1015.5,27.8,8.7,260.5,22.4,9,,2025-03-14T06:06:03,2025-03-14T18:02:52,0.5,Partially cloudy,Partly cloudy throughout the day.,partly-cloudy-day,"HECA,62366099999"
cairo,2025-03-15,30,17.8,23.3,28.7,17.8,23,10.4,47.8,0,0,0,,0,0,42.5,29.5,38.2,1017.8,0,9.8,266.3,23,9,,2025-03-15T06:04:51,2025-03-15T18:03:30,0.54,Clear,Clear conditions throughout the day.,clear-day,"HECA,62366099999"
cairo,2025-03-16,35,17.8,25.1,32.5,17.8,24.4,12.2,52.8,0,0,0,,0,0,31.7,18.4,54.4,1016.1,0,9,265.6,23.1,9,,2025-03-16T06:03:39,2025-03-16T18:04:08,0.57,Clear,Clear conditions throughout the day.,clear-day,"HECA,62366099999"
cairo,2025-03-17,34,20,26.8,31.7,20,26.1,10.1,39.2,0,0,0,,0,0,27,18.4,349.2,1012.2,15.6,7,255.3,22.2,9,,2025-03-17T06:02:27,2025-03-17T18:04:46,0.6,Clear,Clear conditions throughout the day.,clear-day,"HECA,62366099999"
cairo,2025-03-18,27,18,22,26.6,18,21.9,13.4,60.9,0,0,0,,0,0,33.5,22.3,327.8,1012.5,27.5,6.3,265.1,23.1,9,,2025-03-18T06:01:15,2025-03-18T18:05:23,0.64,Partially cloudy,Partly cloudy throughout the day.,partly-cloudy-day,"HECA,62366099999"
cairo,2025-03-19,23.5,14.9,18.4,23.5,14.9,18.4,10.2,60.2,0,0,0,,0,0,47.2,30.6,318.1,1016.8,35.3,10,247.1,21.2,9,,2025-03-19T06:00:03,2025-03-19T18:06:01,0.67,Partially cloudy,Partly cloudy throughout the day.,partly-cloudy-day,"HECA,62366099999"
cairo,2025-03-20,18.6,13,15,18.6,13,15,3.4,46.2,0,0,0,,0,0,56.2,37.1,299.3,1020.4,68.3,10,205.7,17.6,8,,2025-03-20T05:58:50,2025-03-20T18:06:38,0.7,Partially cloudy,Partly cloudy throughout the day.,partly-cloudy-day,"HECA,62366099999"
cairo,2025-03-21,18.3,12.4,14.8,18.3,12.4,14.8,4.1,49.1,0.3,0,0,rain,0,0,39.2,20.5,294.3,1021.1,61.8,10,142,12.2,5,,2025-03-21T05:57:37,2025-03-21T18:07:15,0.73,Partially cloudy,Partly cloudy throughout the day.,partly-cloudy-day,"HECA,62366099999"
cairo,2025-03-22,19,11.2,15.2,19,11.2,15.2,4.9,51.4,0,0,0,,0,0,31.3,22.3,331,1022.3,53.1,10,144.1,12.5,5,,2025-03-22T05:56:25,2025-03-22T18:07:52,0.75,Partially cloudy,Partly cloudy throughout the day.,partly-cloudy-day,"HECA,62366099999"
cairo,2025-03-23,21.3,10.3,16,21.3,10.3,16,5.3,50.2,0,0,0,,0,0,38.2,31.7,36.2,1025.4,10.8,10,278.9,24.1,9,,2025-03-23T05:55:12,2025-03-23T18:08:29,0.8,Clear,Clear conditions throughout the day.,clear-day,"HECA,62366099999"
cairo,2025-03-24,25,11.2,18.2,25,11.2,18.2,7.1,51.4,0,0,0,,0,0,49,31.7,52.1,1025.7,0,10,281,24.3,9,,2025-03-24T05:53:59,2025-03-24T18:09:05,0.83,Clear,Clear conditions throughout the day.,clear-day,"HECA,62366099999"
cairo,2025-03-25,29.1,13.6,21.1,27.6,13.6,20.8,8.1,50,0,0,0,,0,0,45.4,27.7,53,1021.6,0,10,277.6,23.8,9,,2025-03-25T05:52:46,2025-03-25T18:09:42,0.87,Clear,Clear conditions throughout the day.,clear-day,"HECA,62366099999"
cairo,2025-03-26,31.8,15.9,23.4,30.2,15.9,23,10.8,48.8,0,0,0,,0,0,31.7,22.3,42.9,1014.2,27.3,10,280.1,24.1,9,,2025-03-26T05:51:34,2025-03-26T18:10:18,0.9,Partially cloudy,Partly cloudy throughout the day.,partly-cloudy-day,"HECA,62366099999"
cairo,2025-03-27,35.8,17.3,26.7,33.3,17.3,25.7,7.6,37.8,0,0,0,,0,0,30.6,18.4,185.2,1008.4,65.6,8.1,271.5,23.5,9,,2025-03-27T05:50:21,2025-03-27T18:10:55,0.93,Partially cloudy,Partly cloudy throughout the day.,partly-cloudy-day,"HECA,62366099999"
cairo,2025-03-28,29,17.8,24.5,27.5,17.8,24.2,8,39.8,0,0,0,,0,0,47.2,25.9,298,1007.7,56.4,8.1,266,22.9,9,,2025-03-28T05:49:08,2025-03-28T18:11:31,0.97,Partially cloudy,Partly cloudy throughout the day.,partly-cloudy-day,"HECA,62366099999"
cairo,2025-03-29,23.8,14.1,19.3,23.8,14.1,19.3,9.2,54.2,0,0,0,,0,0,33.1,18.4,358.5,1011.6,28,10,284.5,24.6,9,,2025-03-29T05:47:56,2025-03-29T18:12:08,0,Partially cloudy,Partly cloudy throughout the day.,partly-cloudy-day,"HECA,62366099999"
cairo,2025-03-30,27,14.2,21.7,26.6,14.2,21.6,3.6,35.6,0,0,0,,0,0,28.8,16.6,116.5,1010.2,6.3,10,286.3,24.6,9,,2025-03-30T05:46:44,2025-03-30T18:12:44,0.03,Clear,Clear conditions throughout the day.,clear-day,"HECA,62366099999"
cairo,2025-03-31,31.3,18.6,26,29.2,18.6,25.1,-2.9,16.4,0,0,0,,0,0,42.5,29.5,145.3,1008.4,28.4,10,286.8,24.8,10,,2025-03-31T05:45:32,2025-03-31T18:13:21,0.07,Partially cloudy,Becoming cloudy in the afternoon.,partly-cloudy-day,"HECA,62366099999"
cairo,2025-04-01,26.8,18.9,22.9,26.2,18.9,22.8,3.8,29.5,0,0,0,,0,0,36.4,27.7,305.1,1005.6,47.2,7.4,147.9,12.7,6,,2025-04-01T05:44:20,2025-04-01T18:13:57,0.1,Partially cloudy,Partly cloudy throughout the day.,partly-cloudy-day,"HECA,62366099999"
cairo,2025-04-02,27.8,18,23,26.6,18,22.9,3,28.1,0,0,0,,0,0,32,20.5,278.1,1013.2,1,10,295.2,25.6,10,,2025-04-02T05:43:08,2025-04-02T18:14:33,0.14,Clear,Clear conditions throughout the day.,clear-day,"HECA,62366099999"
cairo,2025-04-03,27.7,15.4,21.6,26.7,15.4,21.5,7.5,43.3,0,0,0,,0,0,35.6,25.9,23,1014.8,1.5,8.4,294.3,25.4,10,,2025-04-03T05:41:57,2025-04-03T18:15:10,0.17,Clear,Clear conditions throughout the day.,clear-day,"HECA,62366099999"
cairo,2025-04-04,24.3,15.9,19.5,24.3,15.9,19.5,10.1,57.5,0,0,0,,0,0,28.8,20.5,10.5,1014,23.4,9.6,291.9,25.2,9,,2025-04-04T05:40:45,2025-04-04T18:15:46,0.2,Partially cloudy,Partly cloudy throughout the day.,partly-cloudy-day,"HECA,62366099999"
cairo,2025-04-05,28.3,14,21.7,27.1,14,21.4,7.7,46.2,0,0,0,,0,0,27,22.3,53.1,1010.9,0,10,295,25.4,9,,2025-04-05T05:39:35,2025-04-05T18:16:23,0.25,Clear,Clear conditions throughout the day.,clear-day,"HECA,62366099999"
cairo,2025-04-06,31.7,18,22.9,29.7,18,22.6,9.2,43.9,0,0,0,,0,0,44.6,24.1,3,1008.1,39,8.4,290.6,25,10,,2025-04-06T05:38:24,2025-04-06T18:16:59,0.27,Partially cloudy,Partly cloudy throughout the day.,partly-cloudy-day,"HECA,62366099999"
cairo,2025-04-07,29,14.1,21.8,27.6,14.1,21.6,10.2,54,0,0,0,,0,0,33.1,27.7,56.5,1012.1,45.6,10,249.9,21.4,9,,2025-04-07T05:37:14,2025-04-07T18:17:36,0.31,Partially cloudy,Partly cloudy throughout the day.,partly-cloudy-day,"HECA,62366099999"
cairo,2025-04-08,36,17.6,26,33.2,17.6,25.3,7.7,38.2,0,0,0,,0,0,58.3,29.5,256.5,1008.8,35.7,7.2,287.7,24.8,10,,2025-04-08T05:36:04,2025-04-08T18:18:12,0.34,Partially cloudy,Partly cloudy throughout the day.,partly-cloudy-day,"HECA,62366099999"
cairo,2025-04-09,25,17.1,20.5,25,17.1,20.5,13.5,65.6,0,0,0,,0,0,42.8,22.3,352.3,1014.2,52.3,9.6,214.7,18.5,8,,2025-04-09T05:34:55,2025-04-09T18:18:49,0.38,Partially cloudy,Partly cloudy throughout the day.,partly-cloudy-day,"HECA,62366099999"
cairo,2025-04-10,21,15,17.6,21,15,17.6,7.1,52,0,0,0,,0,0,41,27.7,328.5,1017.6,55.6,9.7,271.9,23.5,9,,2025-04-10T05:33:46,2025-04-10T18:19:26,0.41,Partially cloudy,Partly cloudy throughout the day.,partly-cloudy-day,"HECA,62366099999"
cairo,2025-04-11,21,13.8,17.1,21,13.8,17.1,5.5,47.1,0.1,0,0,rain,0,0,48.6,29.5,298.8,1015.4,33.9,10,219.8,18.9,8,,2025-04-11T05:32:38,2025-04-11T18:20:02,0.45,Partially cloudy,Partly cloudy throughout the day.,partly-cloudy-day,"HECA,62366099999"
cairo,2025-04-12,23,14,18.3,23,14,18.3,7,50.1,0,0,0,,0,0,33.5,22.3,332.5,1014.7,23.5,10,287.1,24.8,9,,2025-04-12T05:31:30,2025-04-12T18:20:39,0.48,Partially cloudy,Partly cloudy throughout the day.,partly-cloudy-day,"HECA,62366099999"
cairo,2025-04-13,23,15,18.1,23,15,18.1,7.5,51.9,0.5,100,4.17,rain,0,0,43.2,31.7,321.5,1014.9,42,9.6,243.7,21,8,,2025-04-13T05:30:22,2025-04-13T18:21:16,0.5,"Rain, Partially cloudy",Partly cloudy throughout the day with afternoon rain.,rain,"HECA,62366099999"
cairo,2025-04-14,23,14,18.2,23,14,18.2,7.3,51.8,0,0,0,,0,0,31,20.5,322.7,1019.4,28.5,10,301.1,26,10,,2025-04-14T05:29:16,2025-04-14T18:21:53,0.55,Partially cloudy,Partly cloudy throughout the day.,partly-cloudy-day,"HECA,62366099999"
cairo,2025-04-15,23,14.8,18.9,23,14.8,18.9,8.3,51.3,0,0,0,,0,0,33.8,25.9,7.8,1019.7,35.3,9.3,298,25.9,10,,2025-04-15T05:28:09,2025-04-15T18:22:31,0.58,Partially cloudy,Partly cloudy throughout the day.,partly-cloudy-day,"HECA,62366099999"
cairo,2025-04-16,26,15,19.8,26,15,19.8,7.5,48,0,0,0,,0,0,61.2,33.5,45.4,1019,1.9,10,313.4,27,10,,2025-04-16T05:27:04,2025-04-16T18:23:08,0.61,Clear,Clear conditions throughout the day.,clear-day,"HECA,62366099999"
cairo,2025-04-17,29,15,21.1,27.6,15,20.9,10,55,0,0,0,,0,0,46.4,29.5,37.7,1016.4,40.6,9.5,312.7,26.8,10,,2025-04-17T05:25:59,2025-04-17T18:23:45,0.65,Partially cloudy,Partly cloudy throughout the day.,partly-cloudy-day,"HECA,62366099999"
cairo,2025-04-18,29,16,22.1,27.6,16,21.8,10.4,53.7,0,0,0,,0,0,43.2,25.9,23.5,1014.3,18.2,8.3,312.9,26.7,10,,2025-04-18T05:24:54,2025-04-18T18:24:23,0.68,Clear,Clear conditions throughout the day.,clear-day,"HECA,62366099999"
cairo,2025-04-19,31,16,23.2,29.1,16,22.7,9.9,49.3,0,0,0,,0,0,35.6,22.3,25.8,1013.2,8.8,9.8,316,27.3,10,,2025-04-19T05:23:51,2025-04-19T18:25:00,0.72,Clear,Clear conditions throughout the day.,clear-day,"HECA,62366099999"
cairo,2025-04-20,31,17,24.3,29,17,23.7,7.5,40.1,0,0,0,,0,0,34.9,18.5,10.1,1012,2.6,10,314.3,27.1,10,,2025-04-20T05:22:48,2025-04-20T18:25:38,0.75,Clear,Clear conditions throughout the day.,clear-day,"HECA,62366099999"
cairo,2025-04-21,36.8,19.8,28,34,19.8,26.8,7.8,37.4,0,0,0,,0,0,21.6,16.6,65.7,1009.9,25.8,9.7,307.9,26.7,10,,2025-04-21T05:21:46,2025-04-21T18:26:16,0.75,Partially cloudy,Clearing in the afternoon.,partly-cloudy-day,"HECA,62366099999"
cairo,2025-04-22,40,30,33.9,36.6,28.9,31.8,2.3,15.6,0,0,0,,0,0,33.5,29.5,202.4,1008.8,42.5,9.7,303.5,26.3,10,,2025-04-22T05:20:44,2025-04-22T18:26:54,0.82,Partially cloudy,Partly cloudy throughout the day.,partly-cloudy-day,"HECA,62366099999"
cairo,2025-04-23,35,23.8,30.3,33.8,23.8,29.3,8.5,30.5,0,0,0,,0,0,38.9,31.7,262.5,1009.5,63.3,9.7,298,25.6,9,,2025-04-23T05:19:44,2025-04-23T18:27:32,0.85,Partially cloudy,Partly cloudy throughout the day.,partly-cloudy-day,"HECA,62366099999"
cairo,2025-04-24,25,20,22.1,25,20,22.1,13.9,60.1,0,0,0,,0,0,40.7,29.5,331.4,1011.6,53,6,209.4,18,8,,2025-04-24T05:18:44,2025-04-24T18:28:10,0.89,Partially cloudy,Partly cloudy throughout the day.,partly-cloudy-day,"HECA,62366099999"
cairo,2025-04-25,26,18,22.1,26,18,22.1,11.7,54.2,0,0,0,,0,0,35.6,22.3,340.8,1012.3,6.5,8.6,332.8,27.8,10,,2025-04-25T06:17:45,2025-04-25T19:28:48,0.92,Clear,Clear conditions throughout the day.,clear-day,"HECA,62366099999"
cairo,2025-04-26,27,18,22.2,26.3,18,22.2,10.7,51.8,0,0,0,,0,0,35.6,22.3,346.9,1012.6,14.9,10,318.4,27.4,10,,2025-04-26T06:16:47,2025-04-26T19:29:27,0.95,Clear,Clear conditions throughout the day.,clear-day,"HECA,62366099999"
cairo,2025-04-27,27,17.9,22.1,26.3,17.9,22,10.6,52.7,0,0,0,,0,0,33.5,27.7,26.4,1013,26.8,10,316.1,27.5,10,,2025-04-27T06:15:49,2025-04-27T19:30:05,0,Partially cloudy,Partly cloudy throughout the day.,partly-cloudy-day,"HECA,62366099999"
cairo,2025-04-28,27,17.8,22.3,26.6,17.8,22.2,11.8,54.4,0,0,0,,0,0,33.5,22.3,31.2,1012.8,0,10,318.5,27.5,10,,2025-04-28T06:14:53,2025-04-28T19:30:44,0.02,Clear,Clear conditions throughout the day.,clear-day,"HECA,62366099999"
cairo,2025-04-29,29,18,23.3,27.7,18,22.9,10.2,47.7,0,0,0,,0,0,36,25.9,45.4,1011.1,22.1,10,290.3,25,9,,2025-04-29T06:13:58,2025-04-29T19:31:22,0.05,Partially cloudy,Partly cloudy throughout the day.,partly-cloudy-day,"HECA,62366099999"
cairo,2025-04-30,27,19,23,27.1,19,23,11.2,47.6,0,0,0,,0,0,56.5,33.5,312.5,1006.3,16.7,7.9,310.7,26.7,10,,2025-04-30T06:13:03,2025-04-30T19:32:01,0.09,Clear,Clear conditions throughout the day.,clear-day,"HECA,62366099999"
cairo,2025-05-01,27,18,22.3,26.1,18,22.2,8,43.6,0,0,0,,0,0,39.2,31.7,294.1,1011,22,9.8,314.3,27.2,10,,2025-05-01T06:12:10,2025-05-01T19:32:40,0.12,Partially cloudy,Partly cloudy throughout the day.,partly-cloudy-day,"HECA,62366099999"
cairo,2025-05-02,27,18,22.7,26,18,22.5,7.4,43.4,0,0,0,,0,0,48.6,33.5,242.9,1011.4,21.9,10,250.4,21.7,8,,2025-05-02T06:11:17,2025-05-02T19:33:19,0.15,Partially cloudy,Partly cloudy throughout the day.,partly-cloudy-day,"HECA,62366099999"
cairo,2025-05-03,25,18,21.2,25,18,21.2,11.2,54.1,0.2,0,0,rain,0,0,37.1,24.1,316.2,1011.8,48.7,10,264.9,22.9,8,,2025-05-03T06:10:26,2025-05-03T19:33:57,0.19,Partially cloudy,Partly cloudy throughout the day.,partly-cloudy-day,"HECA,62366099999"
cairo,2025-05-04,25,17,20.7,25,17,20.7,11.6,57.8,0.7,0,12.5,rain,0,0,36,24.1,326.9,1013,60.5,10,271.2,23.5,8,,2025-05-04T06:09:36,2025-05-04T19:34:36,0.25,Partially cloudy,Partly cloudy throughout the day.,partly-cloudy-day,"HECA,62366099999"
cairo,2025-05-05,28,17.8,22.9,26.9,17.8,22.7,10.3,49.8,0,0,0,,0,0,29.9,16.6,315.9,1015.4,8.9,8.3,328.1,28.2,10,,2025-05-05T06:08:46,2025-05-05T19:35:15,0.25,Clear,Clear conditions throughout the day.,clear-day,"HECA,62366099999"
cairo,2025-05-06,31,19.8,25.4,28.9,19.8,24.7,7.5,37.2,0,0,0,,0,0,29.9,22.3,359.5,1017,7.4,8.9,326.8,28.2,10,,2025-05-06T06:07:58,2025-05-06T19:35:54,0.29,Clear,Clear conditions throughout the day.,clear-day,"HECA,62366099999"
cairo,2025-05-07,33,19.8,26.1,30.7,19.8,25.2,7.4,35.8,0,0,0,,0,0,37.4,24.1,41.6,1016.2,13.8,10,331.1,28.6,10,,2025-05-07T06:07:11,2025-05-07T19:36:33,0.32,Clear,Clear conditions throughout the day.,clear-day,"HECA,62366099999"
cairo,2025-05-08,34,19,26.3,31.8,19,25.5,9.5,39.9,0,0,0,,0,0,43.9,33.5,49,1013.1,0.1,10,331.1,28.6,10,,2025-05-08T06:06:25,2025-05-08T19:37:12,0.35,Clear,Clear conditions throughout the day.,clear-day,"HECA,62366099999"
cairo,2025-05-09,37,20,28.4,34.3,20,27.3,8.2,33.3,0,0,0,,0,0,46.4,25.9,54.8,1012.7,3.1,10,326.1,28.3,10,,2025-05-09T06:05:40,2025-05-09T19:37:51,0.39,Clear,Clear conditions throughout the day.,clear-day,"HECA,62366099999"
cairo,2025-05-10,36,22.2,29.7,33.7,22.2,28.4,8.1,30,0,0,0,,0,0,33.5,18.4,35.4,1012.4,22.7,9.8,328.2,28.2,10,,2025-05-10T06:04:57,2025-05-10T19:38:30,0.42,Partially cloudy,Partly cloudy throughout the day.,partly-cloudy-day,"HECA,62366099999"
cairo,2025-05-11,40,25,33.2,36.6,25,31.2,1.5,15.8,0,0,0,,0,0,41.8,33.5,194.4,1008.9,17.9,8.8,308.4,26.8,10,,2025-05-11T06:04:14,2025-05-11T19:39:09,0.46,Clear,Clear conditions throughout the day.,clear-day,"HECA,62366099999"
cairo,2025-05-12,31,20.8,25.8,29.3,20.8,25.3,12.6,48.3,0,0,0,,0,0,41.4,27.7,297,1009.8,41,9.7,326.7,28.5,10,,2025-05-12T06:03:33,2025-05-12T19:39:47,0.5,Partially cloudy,Partly cloudy throughout the day.,partly-cloudy-day,"HECA,62366099999"
cairo,2025-05-13,36,24.9,29,33.4,24.9,28,7.8,27.8,0.1,0,0,rain,0,0,67,38.9,258.2,1007.9,37.5,8.4,303.4,26.4,10,,2025-05-13T06:02:53,2025-05-13T19:40:26,0.52,Partially cloudy,Partly cloudy throughout the day.,partly-cloudy-day,"HECA,62366099999"
cairo,2025-05-14,29,20,24,27.9,20,23.8,12.8,52.8,0,0,0,,0,0,37.4,24.5,323.7,1012.6,44.9,10,324.9,28.2,10,,2025-05-14T06:02:15,2025-05-14T19:41:04,0.56,Partially cloudy,Partly cloudy throughout the day.,partly-cloudy-day,"HECA,62366099999"
cairo,2025-05-15,30,19.8,24.2,28.3,19.8,23.8,10.7,46.4,0,0,0,,0,0,30.2,20.5,22.6,1015.5,38.3,10,323.6,28.1,10,,2025-05-15T06:01:37,2025-05-15T19:41:43,0.59,Partially cloudy,Partly cloudy throughout the day.,partly-cloudy-day,"HECA,62366099999"
cairo,2025-05-16,38,20.8,29.1,35.1,20.8,27.7,7.2,32.3,0,0,0,,0,0,30.6,24.1,72.3,1012.8,46.1,10,327.4,28.5,10,,2025-05-16T06:01:01,2025-05-16T19:42:21,0.63,Partially cloudy,Partly cloudy throughout the day.,partly-cloudy-day,"HECA,62366099999"
cairo,2025-05-17,40,27,33.1,38.4,26.7,31.8,8.3,23.2,0,0,0,,0,0,48.2,29.5,341.6,1011.9,31.4,7,328.9,28.5,10,,2025-05-17T06:00:26,2025-05-17T19:42:59,0.66,Partially cloudy,Partly cloudy throughout the day.,partly-cloudy-day,"HECA,62366099999"
cairo,2025-05-18,32,22,26.1,31.6,22,26.1,15.6,54.1,0,0,0,,0,0,48.6,31.7,10.7,1016.8,30.6,6.8,317.5,27.5,10,,2025-05-18T05:59:53,2025-05-18T19:43:36,0.7,Partially cloudy,Partly cloudy throughout the day.,partly-cloudy-day,"HECA,62366099999"
cairo,2025-05-19,30,19.8,24.2,28.5,19.8,23.8,12.3,52.2,0,0,0,,0,0,42.5,29.5,16.8,1017,11.7,10,331.8,28.8,10,,2025-05-19T05:59:21,2025-05-19T19:44:14,0.73,Clear,Clear conditions throughout the day.,clear-day,"HECA,62366099999"
cairo,2025-05-20,28.8,18.1,22.9,27.4,18.1,22.7,10.1,47.7,0,0,0,,0,0,43.9,25.9,5.5,1015.5,10.2,10,339.2,29.2,10,,2025-05-20T05:58:50,2025-05-20T19:44:51,0.75,Clear,Clear conditions throughout the day.,clear-day,"HECA,62366099999"
cairo,2025-05-21,30,18.9,23.7,28.6,18.9,23.3,11.5,50,0,0,0,,0,0,37.8,27.7,4.5,1013.9,8.4,9.7,340.4,29.4,10,,2025-05-21T05:58:20,2025-05-21T19:45:28,0.8,Clear,Clear conditions throughout the day.,clear-day,"HECA,62366099999"
cairo,2025-05-22,31,18.8,24.6,29.4,18.8,24,11.6,48.9,0,0,0,,0,0,33.1,29.5,7.3,1012.7,13.7,10,340.1,29.4,10,,2025-05-22T05:57:52,2025-05-22T19:46:05,0.84,Clear,Clear conditions throughout the day.,clear-day,"HECA,62366099999"
cairo,2025-05-23,35,20.1,26.7,32.6,20.1,25.9,11.2,43.5,0,0,0,,0,0,43.6,25.9,344.7,1012.5,0,10,340.4,29.4,10,,2025-05-23T05:57:25,2025-05-23T19:46:41,0.87,Clear,Clear conditions throughout the day.,clear-day,"HECA,62366099999"
cairo,2025-05-24,36,23,29.3,33.9,23,28.3,8.2,27.5,0,0,0,,0,0,46.1,25.9,347.5,1011.7,0,8.8,336.9,29,10,,2025-05-24T05:57:00,2025-05-24T19:47:17,0.9,Clear,Clear conditions throughout the day.,clear-day,"HECA,62366099999"
cairo,2025-05-25,38,24,31,35.4,24,29.7,8.3,26.6,0,0,0,,0,0,33.8,24.1,39,1010.3,4.8,7.4,338.7,29.2,10,,2025-05-25T05:56:36,2025-05-25T19:47:52,0.94,Clear,Clear conditions throughout the day.,clear-day,"HECA,62366099999"
cairo,2025-05-26,41.9,23,30.9,38.4,23,30,10,33.4,0,0,0,,0,0,61.9,31.7,279.2,1007.2,3.4,8.4,335,29,10,,2025-05-26T05:56:13,2025-05-26T19:48:27,0.97,Clear,Clear conditions throughout the day.,clear-day,"HECA,62366099999"
cairo,2025-05-27,30,20.8,24.4,28.8,20.8,24.2,14.1,55.5,0,0,0,,0,0,41,25.9,305.4,1012.2,32.3,10,332,28.6,10,,2025-05-27T05:55:52,2025-05-27T19:49:02,0,Partially cloudy,Partly cloudy throughout the day.,partly-cloudy-day,"HECA,62366099999"
cairo,2025-05-28,31,19.8,24.3,29.3,19.8,23.9,10.9,46.2,0,0,0,,0,0,38.5,22.3,324.3,1013.3,0.3,10,339.4,29.2,10,,2025-05-28T05:55:32,2025-05-28T19:49:36,0.04,Clear,Clear conditions throughout the day.,clear-day,"HECA,62366099999"
cairo,2025-05-29,31,21,26.5,29.2,21,25.7,8.3,33.3,0,0,0,,0,0,37.1,25.9,327.9,1012.3,20.5,9.3,335.9,29,10,,2025-05-29T05:55:14,2025-05-29T19:50:09,0.07,Partially cloudy,Becoming cloudy in the afternoon.,partly-cloudy-day,"HECA,62366099999"
cairo,2025-05-30,32,22,27,30,22,26.2,10.8,40.8,0,0,0,,0,0,36.4,27.7,18,1010.1,15.1,9.7,339.8,29.5,10,,2025-05-30T05:54:57,2025-05-30T19:50:42,0.11,Clear,Clear conditions throughout the day.,clear-day,"HECA,62366099999"
cairo,2025-05-31,31,22,26,29.7,22,25.7,13,46,0,0,0,,0,0,41,29.5,2.4,1008.8,23.1,10,306.6,26.4,9,,2025-05-31T05:54:41,2025-05-31T19:51:15,0.14,Partially cloudy,Partly cloudy throughout the day.,partly-cloudy-day,"HECA,62366099999"
cairo,2025-06-01,31,21.8,25.7,29.7,21.8,25.4,14,50.8,0,0,0,,0,0,39.2,31.7,13.9,1014,20.1,9.4,289.8,24.9,9,,2025-06-01T05:54:27,2025-06-01T19:51:47,0.17,Partially cloudy,Becoming cloudy in the afternoon.,partly-cloudy-day,"HECA,62366099999"
cairo,2025-06-02,29,21,24.6,28,21,24.4,13.7,52.7,0,0,0,,0,0,37.1,24.1,357.7,1017.7,36,10,328.1,28.5,10,,2025-06-02T05:54:15,2025-06-02T19:52:18,0.21,Partially cloudy,Partly cloudy throughout the day.,partly-cloudy-day,"HECA,62366099999"
cairo,2025-06-03,30,20,24.4,28.8,20,24.2,13.8,54.4,0,0,0,,0,0,38.9,31.5,351.7,1016.6,48.5,9.7,327.9,28.3,10,,2025-06-03T05:54:03,2025-06-03T19:52:48,0.25,Partially cloudy,Partly cloudy throughout the day.,partly-cloudy-day,"HECA,62366099999"
cairo,2025-06-04,33,20,25.9,31.3,20,25.4,13.8,52.6,0,0,0,,0,0,41.4,25.9,12.4,1014.5,12.5,7.8,339,29.2,10,,2025-06-04T05:53:53,2025-06-04T19:53:18,0.27,Clear,Clear conditions throughout the day.,clear-day,"HECA,62366099999"
cairo,2025-06-05,33,21,27.3,31.3,21,26.5,12.2,44.1,0,0,0,,0,0,40.3,27.7,27.7,1013.6,2.1,10,343.6,29.7,10,,2025-06-05T05:53:45,2025-06-05T19:53:47,0.3,Clear,Clear conditions throughout the day.,clear-day,"HECA,62366099999"
cairo,2025-06-06,34,21,27.7,32.3,21,27,13.2,46.2,0,0,0,,0,0,34.2,24.1,18.7,1012.6,4.8,9.4,343.6,29.7,10,,2025-06-06T05:53:38,2025-06-06T19:54:15,0.34,Clear,Clear conditions throughout the day.,clear-day,"HECA,62366099999"
cairo,2025-06-07,35,22,28.2,33.7,22,27.7,14.6,47.4,0,0,0,,0,0,35.3,25.9,2.8,1011.8,2.5,10,339.8,29.4,10,,2025-06-07T05:53:32,2025-06-07T19:54:43,0.37,Clear,Clear conditions throughout the day.,clear-day,"HECA,62366099999"
cairo,2025-06-08,35,22,28.2,33.7,22,27.8,15.4,49.7,0,0,0,,0,0,34.2,20.5,326.2,1010.7,12.3,10,338.1,29.1,10,,2025-06-08T05:53:28,2025-06-08T19:55:09,0.4,Clear,Clear conditions throughout the day.,clear-day,"HECA,62366099999"
cairo,2025-06-09,35,22,28.1,33.7,22,28,16,51.8,0,0,0,,0,0,32.4,22.3,326.8,1009.8,1.3,9.8,340.9,29.3,10,,2025-06-09T05:53:25,2025-06-09T19:55:35,0.44,Clear,Clear conditions throughout the day.,clear-day,"HECA,62366099999"
cairo,2025-06-10,36,23,29.3,35.1,23,29.1,16.2,48.9,0,0,0,,0,0,36.7,24.1,352.6,1008.6,0.3,9.6,337.6,29.2,10,,2025-06-10T05:53:23,2025-06-10T19:56:00,0.47,Clear,Clear conditions throughout the day.,clear-day,"HECA,62366099999"
cairo,2025-06-11,37,23,29.5,34.8,23,29.1,14.6,46,0,0,0,,0,0,32.4,22.3,338.1,1007.6,3.4,10,339.8,29.3,10,,2025-06-11T05:53:23,2025-06-11T19:56:24,0.5,Clear,Clear conditions throughout the day.,clear-day,"HECA,62366099999"
cairo,2025-06-12,36,24.8,29.8,35.1,24.8,29.7,16.4,48.9,0,0,0,,0,0,31.3,20.5,335.4,1009.1,1,8.5,338.1,29.1,10,,2025-06-12T05:53:24,2025-06-12T19:56:46,0.54,Clear,Clear conditions throughout the day.,clear-day,"HECA,62366099999"
cairo,2025-06-13,37,23,29.4,35.3,23,29,15.7,51.2,0,0,0,,0,0,41.8,24.1,350.1,1010.9,15.1,8.6,337.6,29,10,,2025-06-13T05:53:27,2025-06-13T19:57:08,0.57,Clear,Clear conditions throughout the day.,clear-day,"HECA,62366099999"
cairo,2025-06-14,36,23.2,29.3,34.3,23.2,28.8,14.3,43.3,0,0,0,,0,0,41.4,24.1,355.9,1010.6,0.3,9.8,345.3,29.8,10,,2025-06-14T05:53:31,2025-06-14T19:57:29,0.61,Clear,Clear conditions throughout the day.,clear-day,"HECA,62366099999"
cairo,2025-06-15,33,23,27.6,32.6,23,27.3,14.9,47.7,0,0,0,,0,0,43.6,24.1,323.3,1010.1,0,10,343.8,29.8,10,,2025-06-15T05:53:36,2025-06-15T19:57:49,0.64,Clear,Clear conditions throughout the day.,clear-day,"HECA,62366099999"
cairo,2025-06-16,32.1,21.8,26.5,31.3,21.8,26.3,16,55.1,0,0,0,,0,0,40,25.9,302.5,1009.3,9.9,10,341.7,29.4,10,,2025-06-16T05:53:42,2025-06-16T19:58:08,0.68,Clear,Clear conditions throughout the day.,clear-day,"HECA,62366099999"
cairo,2025-06-17,32.8,21.9,26.8,31.6,21.9,26.6,16.2,56.2,0,0,0,,0,0,32.8,20.5,345.8,1009.4,27,9,326.5,28.2,10,,2025-06-17T05:53:50,2025-06-17T19:58:25,0.71,Partially cloudy,Partly cloudy throughout the day.,partly-cloudy-day,"HECA,62366099999"
cairo,2025-06-18,34,23.8,28.5,32.5,23.8,28,15.8,51.6,0,0,0,,0,0,35.6,24.1,21.4,1011,32.2,9.8,338.6,29.2,10,,2025-06-18T05:53:59,2025-06-18T19:58:42,0.75,Partially cloudy,Partly cloudy throughout the day.,partly-cloudy-day,"HECA,62366099999"
cairo,2025-06-19,35,23,28.6,32.9,23,27.9,13.5,45.3,0,0,0,,0,0,34.6,25.9,359.2,1011.9,0,8.4,347.4,30.1,10,,2025-06-19T05:54:09,2025-06-19T19:58:57,0.79,Clear,Clear conditions throughout the day.,clear-day,"HECA,62366099999"
cairo,2025-06-20,35,22.9,28.6,33.7,22.9,28.3,15.6,49,0,0,0,,0,0,37.1,18.4,330,1011.3,1.6,9.3,341,29.6,10,,2025-06-20T05:54:20,2025-06-20T19:59:11,0.82,Clear,Clear conditions throughout the day.,clear-day,"HECA,62366099999"
cairo,2025-06-21,35,23.9,29.1,33.4,23.9,28.6,15.1,46.9,0,0,0,,0,0,40.7,27.7,310.6,1010.9,0,10,345.5,29.8,10,,2025-06-21T05:54:32,2025-06-21T19:59:24,0.86,Clear,Clear conditions throughout the day.,clear-day,"HECA,62366099999"
cairo,2025-06-22,35,24,29.1,34.7,24,29,16.2,49.4,0,0,0,,0,0,52.6,29.5,318.3,1010.6,0,10,336,28.9,10,,2025-06-22T05:54:46,2025-06-22T19:59:36,0.89,Clear,Clear conditions throughout the day.,clear-day,"HECA,62366099999"
cairo,2025-06-23,33,23,27.7,31.5,23,27.3,14.6,47.4,0,0,0,,0,0,41,20.5,317.5,1009.3,0,10,342.6,29.6,10,,2025-06-23T05:55:01,2025-06-23T19:59:46,0.93,Clear,Clear conditions throughout the day.,clear-day,"HECA,62366099999"
cairo,2025-06-24,34,22.8,27.9,32.8,22.8,27.8,16.8,54.6,0,0,0,,0,0,32,25.9,9.2,1009,20,9.5,337.6,29.2,10,,2025-06-24T05:55:17,2025-06-24T19:59:56,0.96,Clear,Partly cloudy throughout the day.,clear-day,"HECA,62366099999"
cairo,2025-06-25,35,23,28.6,33.3,23,28.3,16.1,51.8,0,0,0,,0,0,34.6,22.3,348.4,1009.5,4.1,9,340.9,29.5,10,,2025-06-25T05:55:34,2025-06-25T20:00:04,0,Clear,Clear conditions throughout the day.,clear-day,"HECA,62366099999"
cairo,2025-06-26,34,23,28.7,32.3,23,28.2,14.7,46.1,0,0,0,,0,0,29.2,24.1,328.7,1007.8,0,9.8,345.6,29.8,10,,2025-06-26T05:55:52,2025-06-26T20:00:10,0.03,Clear,Clear conditions throughout the day.,clear-day,"HECA,62366099999"
cairo,2025-06-27,35,24,29.6,33.3,24,29.2,15.4,47.8,0,0,0,,0,0,27,18.4,337.5,1006.4,0,7.2,344.3,29.6,10,,2025-06-27T05:56:11,2025-06-27T20:00:15,0.06,Clear,Clear conditions throughout the day.,clear-day,"HECA,62366099999"
cairo,2025-06-28,36,24,30.3,35.1,24,30.1,16.2,48.1,0,0,0,,0,0,28.4,18.4,313.4,1003.7,0.6,7.5,345.6,29.9,10,,2025-06-28T05:56:31,2025-06-28T20:00:19,0.1,Clear,Clear conditions throughout the day.,clear-day,"HECA,62366099999"
cairo,2025-06-29,37,25,30.4,37,25,31,18.6,52.5,0,0,0,,0,0,36,24.1,297.4,1002.4,0,10,339.3,29.4,10,,2025-06-29T05:56:52,2025-06-29T20:00:22,0.13,Clear,Clear conditions throughout the day.,clear-day,"HECA,62366099999"
cairo,2025-06-30,38,24.8,30.7,36.9,24.8,30.9,17.2,49.5,0,0,0,,0,0,32.8,18.4,300.5,1004.2,0.1,9.3,338,29.4,10,,2025-06-30T05:57:14,2025-06-30T20:00:23,0.16,Clear,Clear conditions throughout the day.,clear-day,"HECA,62366099999"
cairo,2025-07-01,35.1,28,31.2,36.3,28.9,32.9,19.1,49.5,0,0,0,,0,0,36,26.8,359.4,1005.1,47.7,7.9,311.7,26.9,9,,2025-07-01T05:57:36,2025-07-01T20:00:23,0.19,Partially cloudy,Partly cloudy throughout the day.,partly-cloudy-day,"HECA,62366099999"
cairo,2025-07-02,35,24.9,29.3,34.4,24.9,29.7,18.6,56.4,0,0,0,,0,0,33.1,25.9,340.7,1007.9,30.1,8.4,329.9,28.6,10,,2025-07-02T05:58:00,2025-07-02T20:00:21,0.25,Partially cloudy,Clearing in the afternoon.,partly-cloudy-day,"HECA,62366099999"
cairo,2025-07-03,36,25,30.2,36.3,25,31,18.4,51.7,0,0,0,,0,0,32,20.5,339.9,1008.3,10,9.3,333.4,29,10,,2025-07-03T05:58:25,2025-07-03T20:00:18,0.26,Clear,Clear conditions throughout the day.,clear-day,"HECA,62366099999"
cairo,2025-07-04,36,24,29.8,35.1,24,30.2,18.1,53.6,0,0,0,,0,0,34.9,24.1,351.7,1009.1,12.7,8.2,330.7,28.6,10,,2025-07-04T05:58:50,2025-07-04T20:00:13,0.29,Clear,Clear conditions throughout the day.,clear-day,"HECA,62366099999"
cairo,2025-07-05,35.8,23,29.5,33.9,23,29,14.2,42.4,0,0,0,,0,0,37.8,33.5,23.3,1010.3,0.1,10,339.7,29.3,10,,2025-07-05T05:59:16,2025-07-05T20:00:08,0.32,Clear,Clear conditions throughout the day.,clear-day,"HECA,62366099999"
cairo,2025-07-06,35,23.9,29.4,33.3,23.9,28.9,15.5,47.6,0,0,0,,0,0,39.2,27.7,24.4,1009.7,3.8,10,343,29.6,10,,2025-07-06T05:59:43,2025-07-06T20:00:00,0.35,Clear,Clear conditions throughout the day.,clear-day,"HECA,62366099999"
cairo,2025-07-07,36,23,29.6,35.1,23,29.3,16,48.2,0,0,0,,0,0,32.8,27.7,10.4,1008.6,0.1,9.3,341.5,29.7,10,,2025-07-07T06:00:11,2025-07-07T19:59:51,0.39,Clear,Clear conditions throughout the day.,clear-day,"HECA,62366099999"
cairo,2025-07-08,36,24,30.1,34.8,24,30,15.8,45.2,0,0,0,,0,0,31.7,24.1,346.4,1007.6,0,8.5,343.2,30,10,,2025-07-08T06:00:39,2025-07-08T19:59:41,0.42,Clear,Clear conditions throughout the day.,clear-day,"HECA,62366099999"
cairo,2025-07-09,35,23,29.6,34.7,23,29.4,16.7,50.5,0,0,0,,0,0,40.7,24.1,340.8,1007,5.6,7.3,341,29.5,10,,2025-07-09T06:01:08,2025-07-09T19:59:29,0.45,Clear,Clear conditions throughout the day.,clear-day,"HECA,62366099999"
cairo,2025-07-10,37,25.1,30.5,36.5,25.1,31,17.7,49,0,0,0,,0,0,35.3,20.5,339.5,1006,6,6.7,336.6,29.2,10,,2025-07-10T06:01:38,2025-07-10T19:59:16,0.5,Clear,Clear conditions throughout the day.,clear-day,"HECA,62366099999"
cairo,2025-07-11,36,26,30.6,36.3,26,32.1,19.9,56.3,0,0,0,,0,0,33.8,24.1,346.6,1006.4,23.5,8.4,330.2,28.7,10,,2025-07-11T06:02:08,2025-07-11T19:59:02,0.52,Partially cloudy,Clearing in the afternoon.,partly-cloudy-day,"HECA,62366099999"
cairo,2025-07-12,35,25,29.5,35.7,25,30.6,19.8,58.7,0,0,0,,0,0,36.7,29.5,0.5,1009.3,31.2,9.8,327.3,28.3,10,,2025-07-12T06:02:39,2025-07-12T19:58:46,0.55,Partially cloudy,Clearing in the afternoon.,partly-cloudy-day,"HECA,62366099999"
cairo,2025-07-13,33.1,23.9,28.4,33.7,23.9,28.6,17.6,54.5,0,0,0,,0,0,40.7,29.5,2.2,1011.2,21.7,10,335.7,29,10,,2025-07-13T06:03:10,2025-07-13T19:58:28,0.59,Partially cloudy,Clearing in the afternoon.,partly-cloudy-day,"HECA,62366099999"
cairo,2025-07-14,33.8,23.8,28.5,33.7,23.8,28.7,17.2,52.2,0,0,0,,0,0,37.1,22.3,349.7,1008.9,9.9,8.6,331.8,28.6,10,,2025-07-14T06:03:42,2025-07-14T19:58:09,0.63,Clear,Clear conditions throughout the day.,clear-day,"HECA,62366099999"
cairo,2025-07-15,35,24,30,34.4,24,29.5,14.4,41.3,0,0,0,,0,0,31.7,24.1,323.9,1005.3,0,7.6,338,29.2,10,,2025-07-15T06:04:14,2025-07-15T19:57:49,0.66,Clear,Clear conditions throughout the day.,clear-day,"HECA,62366099999"
cairo,2025-07-16,39.1,23.4,32.6,37.5,23.4,31.8,12.4,34.9,0,0,0,,0,0,29.2,22.3,182.7,1004.3,0,9.6,337.1,29.2,10,,2025-07-16T06:04:46,2025-07-16T19:57:27,0.7,Clear,Clear conditions throughout the day.,clear-day,"HECA,62366099999"
cairo,2025-07-17,39.1,28.2,33.7,37.7,27.5,33.2,11.7,28.9,0,0,0,,0,0,39.6,29.5,325.9,1007,5,7.6,333.2,28.8,10,,2025-07-17T06:05:20,2025-07-17T19:57:03,0.73,Clear,Clear conditions throughout the day.,clear-day,"HECA,62366099999"
cairo,2025-07-18,37,27.1,32.1,38.6,28.6,33.3,18.3,46,0,0,0,,0,0,33.8,25.9,7.4,1009.6,0,8.6,331.5,28.6,10,,2025-07-18T06:05:53,2025-07-18T19:56:39,0.75,Clear,Clear conditions throughout the day.,clear-day,"HECA,62366099999"
cairo,2025-07-19,36,24.1,30.3,35.1,24.1,30.3,16.8,48.4,0,0,0,,0,0,35.6,25.9,353.5,1009.2,0,10,332.4,28.6,10,,2025-07-19T06:06:27,2025-07-19T19:56:12,0.81,Clear,Clear conditions throughout the day.,clear-day,"HECA,62366099999"
cairo,2025-07-20,35,24.8,29.6,34.6,24.8,29.9,17.8,52,0,0,0,,0,0,32,24.1,344.6,1006.8,12.8,9.3,330.3,28.5,10,,2025-07-20T06:07:01,2025-07-20T19:55:45,0.84,Clear,Clear conditions throughout the day.,clear-day,"HECA,62366099999"
cairo,2025-07-21,36,26,30.2,36.3,26,31.2,19.1,53.9,0,0,0,,0,0,38.9,24.1,336,1006.6,17.3,9.2,327.6,28.2,10,,2025-07-21T06:07:35,2025-07-21T19:55:16,0.88,Clear,Clear conditions throughout the day.,clear-day,"HECA,62366099999"
cairo,2025-07-22,37,25,31,37.4,25,31.5,17.5,46.8,0,0,0,,0,0,20.5,24.1,14.8,1006.9,3.3,8.9,334.1,28.8,10,,2025-07-22T06:08:10,2025-07-22T19:54:45,0.91,Clear,Clear conditions throughout the day.,clear-day,"HECA,62366099999"
cairo,2025-07-23,38,27,32.9,37.3,26.7,32.7,13.4,34.1,0,0,0,,0,0,24.8,24.1,22.1,1006.8,0,10,329.9,28.5,10,,2025-07-23T06:08:45,2025-07-23T19:54:14,0.95,Clear,Clear conditions throughout the day.,clear-day,"HECA,62366099999"
cairo,2025-07-24,38,27,33.1,37,27.3,33.1,15,35.9,0,0,0,,0,0,35.3,24.5,355.1,1004.7,3.3,8.2,332.6,28.8,10,,2025-07-24T06:09:20,2025-07-24T19:53:41,0,Clear,Clear conditions throughout the day.,clear-day,"HECA,62366099999"
cairo,2025-07-25,38,26.8,32.1,39.1,27.1,33.1,17.2,42.9,0,0,0,,0,0,34.9,16.6,324.7,1003.2,0.1,8.7,329.3,28.4,10,,2025-07-25T06:09:55,2025-07-25T19:53:06,0.02,Clear,Clear conditions throughout the day.,clear-day,"HECA,62366099999"
cairo,2025-07-26,41,26.8,33.4,39.2,29.1,35,18.6,49.6,0,0,0,,0,0,28.1,22.3,321.9,1002.6,11.4,7.8,325.8,28,10,,2025-07-26T06:10:31,2025-07-26T19:52:30,0.05,Clear,Clear conditions throughout the day.,clear-day,"HECA,62366099999"
cairo,2025-07-27,41,29,34.7,42.1,32,37.1,18.8,43.7,0,0,0,,0,0,36,27.7,334.7,1003.4,3.3,9.2,325.2,28,10,,2025-07-27T06:11:06,2025-07-27T19:51:53,0.08,Clear,Clear conditions throughout the day.,clear-day,"HECA,62366099999"
cairo,2025-07-28,38.8,27,32.7,38.1,28.5,33.6,17.1,43.1,0,0,0,,0,0,34.2,24.1,332.7,1004.4,0,8.2,326.7,28.1,10,,2025-07-28T06:11:42,2025-07-28T19:51:14,0.12,Clear,Clear conditions throughout the day.,clear-day,"HECA,62366099999"
cairo,2025-07-29,36,26,30.7,36.8,26,32.3,19.7,55.5,0,0,0,,0,0,37.1,25.9,337.7,1006.8,13.5,9.3,320.7,27.7,10,,2025-07-29T06:12:18,2025-07-29T19:50:35,0.15,Clear,Clear conditions throughout the day.,clear-day,"HECA,62366099999"
cairo,2025-07-30,34,25,29.6,35.1,25,30.7,19.3,55.8,0,0,0,,0,0,31.7,20.5,347.7,1009,1.9,10,325.4,28.2,10,,2025-07-30T06:12:54,2025-07-30T19:49:54,0.18,Clear,Clear conditions throughout the day.,clear-day,"HECA,62366099999"
cairo,2025-07-31,34,25.9,29.6,34.6,25.9,30.5,18.9,54.6,0,0,0,,0,0,44.6,24.1,329.3,1008.5,22,8.8,318.7,27.5,10,,2025-07-31T06:13:30,2025-07-31T19:49:11,0.21,Partially cloudy,Partly cloudy throughout the day.,partly-cloudy-day,"HECA,62366099999"
cairo,2025-08-01,34,25.9,29.2,34.6,25.9,29.9,18.6,54.1,0,0,0,,0,0,34.9,24.1,314.6,1006.4,48.6,10,297.1,25.7,9,,2025-08-01T06:14:06,2025-08-01T19:48:28,0.25,Partially cloudy,Partly cloudy throughout the day.,partly-cloudy-day,"HECA,62366099999"
cairo,2025-08-02,34,25.8,29.3,34.1,25.8,30.3,19.3,57.2,0,0,0,,0,0,34.2,27.7,352.9,1007.2,30.7,10,306.5,26.4,9,,2025-08-02T06:14:42,2025-08-02T19:47:43,0.28,Partially cloudy,Partly cloudy throughout the day.,partly-cloudy-day,"HECA,62366099999"
cairo,2025-08-03,34,25,29.8,33.3,25,30.4,18.2,53,0,0,0,,0,0,27.7,27.7,6.2,1009.3,19.9,9.5,313.8,27,10,,2025-08-03T06:15:18,2025-08-03T19:46:57,0.31,Clear,Clear conditions throughout the day.,clear-day,"HECA,62366099999"
cairo,2025-08-04,34,25.9,29.5,33.5,25.9,30.1,18.6,54.8,0,0,0,,0,0,32,29.5,4.8,1011.1,16.7,8.2,317.6,27.4,10,,2025-08-04T06:15:54,2025-08-04T19:46:10,0.34,Clear,Clear conditions throughout the day.,clear-day,"HECA,62366099999"
cairo,2025-08-05,33,25,29.1,33.5,25,29.7,18.7,55.3,0,0,0,,0,0,33.5,24.1,8.5,1011.1,38.4,10,314.1,27.1,10,,2025-08-05T06:16:30,2025-08-05T19:45:21,0.37,Partially cloudy,Partly cloudy throughout the day.,partly-cloudy-day,"HECA,62366099999"
cairo,2025-08-06,35.8,25,29.2,34.7,25,29.6,18.7,57.4,0,0,0,,0,0,37.1,25.9,341.1,1009.7,19.1,8.6,317.5,27.5,10,,2025-08-06T06:17:06,2025-08-06T19:44:32,0.4,Clear,Clear conditions throughout the day.,clear-day,"HECA,62366099999"
cairo,2025-08-07,33.8,24.9,28.5,33.9,24.9,29,18.3,55.6,0,0,0,,0,0,48.2,25.9,354.1,1008.2,29.5,8.7,308.4,26.8,10,,2025-08-07T06:17:42,2025-08-07T19:43:41,0.44,Partially cloudy,Partly cloudy throughout the day.,partly-cloudy-day,"HECA,62366099999"
cairo,2025-08-08,33,24.8,28.7,34.7,24.8,29.7,19.5,58.6,0,0,0,,0,0,30.2,25.9,5.8,1006.5,32,9.7,309.8,27,10,,2025-08-08T06:18:18,2025-08-08T19:42:49,0.47,Partially cloudy,Partly cloudy throughout the day.,partly-cloudy-day,"HECA,62366099999"
cairo,2025-08-09,36.8,25,30.7,37.2,25,31.7,19.2,53.6,0,0,0,,0,0,37.1,29.5,18.5,1007.6,0,10,318.9,27.7,10,,2025-08-09T06:18:54,2025-08-09T19:41:57,0.5,Clear,Clear conditions throughout the day.,clear-day,"HECA,62366099999"
cairo,2025-08-10,40.1,28,33.5,39.3,29,34.3,17.1,41.2,0,0,0,,0,0,26.3,31.7,51.8,1007.7,0,10,313.1,27.2,10,,2025-08-10T06:19:29,2025-08-10T19:41:03,0.54,Clear,Clear conditions throughout the day.,clear-day,"HECA,62366099999"
cairo,2025-08-11,40,26,32.9,43.6,26,33.6,17,41.1,0,0,0,,0,0,33.5,29.5,34.4,1006.4,0,8.3,312,27,10,,2025-08-11T06:20:05,2025-08-11T19:40:08,0.57,Clear,Clear conditions throughout the day.,clear-day,"HECA,62366099999"
cairo,2025-08-12,38,27,32,39.8,28.8,33.1,18.2,46.3,0,0,0,,0,0,40,35.3,33.5,1007.2,2.4,9.3,303,26.3,9,,2025-08-12T06:20:40,2025-08-12T19:39:12,0.61,Clear,Clear conditions throughout the day.,clear-day,"HECA,62366099999"
cairo,2025-08-13,39,27,32.4,40.9,28.8,34.3,19.4,49.5,0,0,0,,0,0,34.9,29.5,26.5,1008.1,2.9,10,303.6,26.3,9,,2025-08-13T06:21:16,2025-08-13T19:38:15,0.65,Clear,Clear conditions throughout the day.,clear-day,"HECA,62366099999"
cairo,2025-08-14,38,27,32.3,40.6,29.6,34.4,19.8,51.8,0,0,0,,0,0,43.6,31.7,16,1009.1,6.7,8.9,306.4,26.6,9,,2025-08-14T06:21:51,2025-08-14T19:37:17,0.68,Clear,Clear conditions throughout the day.,clear-day,"HECA,62366099999"
cairo,2025-08-15,38,27,32.5,38.6,28.6,33.7,18,45.6,0,0,0,,0,0,41.4,31.7,23.3,1008.7,0,9.5,308,26.5,10,,2025-08-15T06:22:26,2025-08-15T19:36:18,0.72,Clear,Clear conditions throughout the day.,clear-day,"HECA,62366099999"
cairo,2025-08-16,34,26,29.5,35.1,26,31,20.6,61.5,0,0,0,,0,0,35.3,24.1,357.4,1008,35.9,10,297.2,25.5,9,,2025-08-16T06:23:01,2025-08-16T19:35:19,0.75,Partially cloudy,Partly cloudy throughout the day.,partly-cloudy-day,"HECA,62366099999"
cairo,2025-08-17,33,26,29.1,34,26,30,19.1,56.4,0,0,0,,0,0,38.2,25.9,4.4,1009,38.1,9.7,304.1,26.1,10,,2025-08-17T06:23:36,2025-08-17T19:34:18,0.79,Partially cloudy,Partly cloudy throughout the day.,partly-cloudy-day,"HECA,62366099999"
cairo,2025-08-18,36,24,29.7,35.1,24,29.7,17.3,51.5,0,0,0,,0,0,40.3,25.9,29.5,1010.5,13,10,305.1,26.3,10,,2025-08-18T06:24:11,2025-08-18T19:33:17,0.82,Clear,Clear conditions throughout the day.,clear-day,"HECA,62366099999"
cairo,2025-08-19,39,26,32.7,38.8,26,32.2,12.9,32,0,0,0,,0,0,28.8,29.5,41.5,1007.4,0,10,302.4,26.1,9,,2025-08-19T06:24:45,2025-08-19T19:32:15,0.86,Clear,Clear conditions throughout the day.,clear-day,"HECA,62366099999"
cairo,2025-08-20,35,26,30.1,35.7,26,31,18.5,51.9,0,0,0,,0,0,36,27.7,344.2,1007,1.2,8.7,300.4,25.8,9,,2025-08-20T06:25:20,2025-08-20T19:31:11,0.9,Clear,Clear conditions throughout the day.,clear-day,"HECA,62366099999"
cairo,2025-08-21,34,26,29.3,35.8,26,30.4,19.9,58.6,0,0,0,,0,0,42.5,25.9,337.8,1007.8,22.4,9.3,296.2,25.4,9,,2025-08-21T06:25:54,2025-08-21T19:30:08,0.93,Partially cloudy,Clearing in the afternoon.,partly-cloudy-day,"HECA,62366099999"
cairo,2025-08-22,35,25,29.4,34.7,25,29.9,18.5,55.2,0,0,0,,0,0,30.6,24.1,349.9,1008.1,15,8.8,299.8,25.9,9,,2025-08-22T06:26:28,2025-08-22T19:29:03,0.97,Clear,Clear conditions throughout the day.,clear-day,"HECA,62366099999"
cairo,2025-08-23,37,25.8,30.8,37,25.8,31.7,19.1,54.5,0,0,0,,0,0,34.9,25.9,355.3,1007.5,0,9.2,302,26.1,10,,2025-08-23T06:27:02,2025-08-23T19:27:58,0,Clear,Clear conditions throughout the day.,clear-day,"HECA,62366099999"
cairo,2025-08-24,36,26,30.8,37,26,31.8,18.8,51.5,0,0,0,,0,0,51.8,25.9,351.8,1007.9,10.8,9.2,300.6,25.8,9,,2025-08-24T06:27:36,2025-08-24T19:26:52,0.04,Clear,Clear conditions throughout the day.,clear-day,"HECA,62366099999"
cairo,2025-08-25,35,26,29.7,35.1,26,30.1,18.2,52.9,0,0,0,,0,0,53.6,27.7,321.2,1009.3,22.6,8.3,295.7,25.6,9,,2025-08-25T06:28:10,2025-08-25T19:25:45,0.07,Partially cloudy,Clearing in the afternoon.,partly-cloudy-day,"HECA,62366099999"
cairo,2025-08-26,35,25,29.1,34,25,29.2,16.9,49.5,0,0,0,,0,0,34.6,24.1,303.3,1010,12,10,297.8,25.7,9,,2025-08-26T06:28:43,2025-08-26T19:24:37,0.1,Clear,Clear conditions throughout the day.,clear-day,HECA
cairo,2025-08-27,33,25,28.6,32.2,25,28.5,16.5,49.8,0,0,0,,0,0,38.5,27.7,317,1011,14.6,9.8,293.8,25.4,9,,2025-08-27T06:29:17,2025-08-27T19:23:29,0.13,Clear,Clear conditions throughout the day.,clear-day,HECA
cairo,2025-08-28,33,23,28.1,31.9,23,27.9,15.4,47.6,0,0,0,,0,0,38.9,18.4,23.8,1010.5,13.2,9.7,293.6,25.4,9,,2025-08-28T06:29:50,2025-08-28T19:22:21,0.17,Clear,Clear conditions throughout the day.,clear-day,HECA
cairo,2025-08-29,36,24,30.4,34.2,24,30,14.8,41.9,0,0,0,,0,0,31.7,25.9,9.1,1010.1,0,10,293.1,25.4,9,,2025-08-29T06:30:24,2025-08-29T19:21:11,0.2,Clear,Clear conditions throughout the day.,clear-day,HECA
cairo,2025-08-30,34,25,29.5,34,25,29.8,18.4,54.4,0,0,0,,0,0,31,25.9,2.8,1012.5,0,10,295,25.4,9,,2025-08-30T06:30:57,2025-08-30T19:20:02,0.23,Clear,Clear conditions throughout the day.,clear-day,HECA
cairo,2025-08-31,36,23,29.6,34.2,23,29.2,15.9,49.8,0,0,0,,0,0,33.1,24.1,22.7,1013,0,10,296.2,25.5,9,,2025-08-31T06:31:30,2025-08-31T19:18:51,0.25,Clear,Clear conditions throughout the day.,clear-day,HECA
cairo,2025-09-01,36,24,29.9,35.4,24,29.7,15.2,43.1,0,0,0,,0,0,37.4,25.9,12.2,1010.3,0,9.5,294,25.6,9,,2025-09-01T06:32:03,2025-09-01T19:17:41,0.29,Clear,Clear conditions throughout the day.,clear-day,HECA
cairo,2025-09-02,35,25,29.6,35.1,25,30.2,18.6,53.9,0,0,0,,0,0,34.9,22.3,329.3,1007.7,22.5,9.7,278.2,24,9,,2025-09-02T06:32:35,2025-09-02T19:16:29,0.33,Partially cloudy,Clearing in the afternoon.,partly-cloudy-day,HECA
cairo,2025-09-03,34,24,28.8,33.2,24,28.7,17.3,52.4,0,0,0,,0,0,40.7,22.3,319.3,1006.8,7.3,10,288.6,24.8,9,,2025-09-03T06:33:08,2025-09-03T19:15:18,0.36,Clear,Clear conditions throughout the day.,clear-day,HECA
cairo,2025-09-04,34,25,29.5,35,25,30.1,18.5,53.2,0,0,0,,0,0,31.7,22.3,321.1,1006.7,11.8,9.5,285.4,24.6,9,,2025-09-04T06:33:41,2025-09-04T19:14:05,0.39,Clear,Clear conditions throughout the day.,clear-day,HECA
cairo,2025-09-05,35,24,29.1,34.3,24,29.6,18.9,57.3,0,0,0,,0,0,28.4,25.9,5,1010,5.7,8.7,283.7,24.4,9,,2025-09-05T06:34:13,2025-09-05T19:12:53,0.42,Clear,Clear conditions throughout the day.,clear-day,HECA
cairo,2025-09-06,34,25,28.3,35,25,29.1,19.6,61.1,0,0,0,,0,0,34.9,29.5,14.8,1012,22,9.7,277.7,24.1,9,,2025-09-06T06:34:46,2025-09-06T19:11:40,0.46,Partially cloudy,Partly cloudy throughout the day.,partly-cloudy-day,HECA
cairo,2025-09-07,32,24,27.7,32.3,24,27.8,17.7,56.3,0,0,0,,0,0,36.4,27.7,0.6,1011.3,36.4,9.6,262.1,22.6,8,,2025-09-07T06:35:18,2025-09-07T19:10:27,0.5,Partially cloudy,Partly cloudy throughout the day.,partly-cloudy-day,HECA
cairo,2025-09-08,31,24,27.3,30.6,24,27.2,16.5,53.3,0,0,0,,0,0,31.7,25.9,335.8,1010.3,30.2,9.2,261.5,22.6,9,,2025-09-08T06:35:50,2025-09-08T19:09:13,0.52,Partially cloudy,Partly cloudy throughout the day.,partly-cloudy-day,HECA
cairo,2025-09-09,32,23,27.2,31.2,23,27.1,16.2,53,0,0,0,,0,0,34.6,24.1,347.7,1011.3,38.9,8.1,271.6,23.3,9,,2025-09-09T06:36:23,2025-09-09T19:07:59,0.56,Partially cloudy,Partly cloudy throughout the day.,partly-cloudy-day,HECA
cairo,2025-09-10,31,24,27.2,30.3,24,27.1,16.5,54,0,0,0,,0,0,31.7,27.7,354,1012.1,22.2,9.5,263.2,22.6,9,,2025-09-10T06:36:55,2025-09-10T19:06:45,0.59,Partially cloudy,Partly cloudy throughout the day.,partly-cloudy-day,HECA
cairo,2025-09-11,33,22.2,27.6,33.4,22.2,27.8,17.3,56,0,0,0,,0,0,36.7,29.5,16.2,1011.3,29.1,8.5,274.1,23.5,9,,2025-09-11T06:37:27,2025-09-11T19:05:31,0.63,Partially cloudy,Partly cloudy throughout the day.,partly-cloudy-day,HECA
cairo,2025-09-12,35,23,28.5,33.7,23,28.3,17,54.5,0,0,0,,0,0,29.5,25.9,27.6,1011,19.3,8.5,276.9,23.7,9,,2025-09-12T06:38:00,2025-09-12T19:04:16,0.66,Clear,Clear conditions throughout the day.,clear-day,HECA
cairo,2025-09-13,35,23,28.8,33.7,23,28.6,17.1,55.6,0,0,0,,0,0,25.9,24.1,12.4,1012.3,8,8.5,277.5,23.8,9,,2025-09-13T06:38:32,2025-09-13T19:03:02,0.7,Clear,Clear conditions throughout the day.,clear-day,HECA
cairo,2025-09-14,35,23,28.8,35.1,23,29.1,18.5,57.9,0,0,0,,0,0,35.3,25.9,6.9,1012.4,3.1,7.9,273,23.6,9,,2025-09-14T06:39:04,2025-09-14T19:01:47,0.75,Clear,Clear conditions throughout the day.,clear-day,HECA
cairo,2025-09-15,33,23,27.7,33.4,23,27.8,18.6,60.9,0,0,0,,0,0,33.8,24.1,1.6,1012.5,15.2,7.9,263.5,22.9,9,,2025-09-15T06:39:36,2025-09-15T19:00:32,0.77,Clear,Clear conditions throughout the day.,clear-day,HECA
cairo,2025-09-16,31,24,27.3,30.6,24,27.3,17.1,55.5,0,0,0,,0,0,30.2,20.5,333,1011.7,40,9.8,249.9,21.7,8,,2025-09-16T06:40:09,2025-09-16T18:59:17,0.81,Partially cloudy,Partly cloudy throughout the day.,partly-cloudy-day,HECA
cairo,2025-09-17,32,24,27.6,31.5,24,27.7,17.8,57.3,0,0,0,,0,0,27,24.1,357,1010.9,25.9,9.3,260.8,22.6,9,,2025-09-17T06:40:41,2025-09-17T18:58:01,0.84,Partially cloudy,Partly cloudy throughout the day.,partly-cloudy-day,HECA
cairo,2025-09-18,33,24,28.2,33.9,24,28.5,18.3,57,0,0,0,,0,0,35.3,24.1,357.9,1011.3,14,9.3,258.5,22.2,9,,2025-09-18T06:41:14,2025-09-18T18:56:46,0.88,Clear,Clear conditions throughout the day.,clear-day,HECA
cairo,2025-09-19,32,24,27.5,31.2,24,27.6,17.6,57.1,0,0,0,,0,0,33.8,22.3,323.9,1012,39.1,9,260.1,22.3,9,,2025-09-19T06:41:46,2025-09-19T18:55:31,0.91,Partially cloudy,Partly cloudy throughout the day.,partly-cloudy-day,HECA
cairo,2025-09-20,32,24,27.4,31.2,24,27.2,16.5,54.1,0,0,0,,0,0,38.2,31.7,25.3,1011.8,37.9,9.2,246.4,21.1,8,,2025-09-20T06:42:19,2025-09-20T18:54:15,0.95,Partially cloudy,Partly cloudy throughout the day.,partly-cloudy-day,HECA
cairo,2025-09-21,30.7,21,26.2,30,21,26,14.3,48.8,0,0,0,,0,0,40.7,27.7,8.9,1011.9,28.8,10,243.3,20.9,8,,2025-09-21T06:42:52,2025-09-21T18:53:00,0,Partially cloudy,Partly cloudy throughout the day.,partly-cloudy-day,HECA
cairo,2025-09-22,31,23,26.5,29.8,23,26.2,15.3,52.3,0,0,0,,0,0,26.3,24.1,357.2,1012.8,9.4,8.9,261.4,22.8,9,,2025-09-22T06:43:24,2025-09-22T18:51:45,0.02,Clear,Clear conditions throughout the day.,clear-day,HECA
cairo,2025-09-23,32,23,27.5,31.5,23,27.3,16.9,55.4,0,0,0,,0,0,33.1,24.1,7.9,1013.8,18.8,8.8,257.4,22.2,9,,2025-09-23T06:43:57,2025-09-23T18:50:30,0.05,Clear,Clear conditions throughout the day.,clear-day,HECA
cairo,2025-09-24,31,23,26.8,30,23,26.5,16.1,54.7,0,0,0,,0,0,44.3,27.7,326.8,1014.3,23.4,9.8,248.8,21.4,9,,2025-09-24T06:44:30,2025-09-24T18:49:15,0.08,Partially cloudy,Becoming cloudy in the afternoon.,partly-cloudy-day,HECA
cairo,2025-09-25,30,23,25.8,28.9,23,25.6,14.5,51.2,0,0,0,,0,0,31,24.1,336.2,1012.5,26.9,9.3,252.4,21.7,9,,2025-09-25T06:45:04,2025-09-25T18:48:00,0.12,Partially cloudy,Partly cloudy throughout the day.,partly-cloudy-day,HECA
cairo,2025-09-26,31,22,26.3,30.3,22,26.3,15.7,53.6,0,0,0,,0,0,38.2,25.9,351.3,1012.4,23.3,9.8,242.8,21,9,,2025-09-26T06:45:37,2025-09-26T18:46:45,0.15,Partially cloudy,Partly cloudy throughout the day.,partly-cloudy-day,HECA
cairo,2025-09-27,31,23,26.4,30.6,23,26.3,17.6,61.4,0,0,0,,0,0,33.1,29.5,355.8,1013.3,27.2,9.3,247.6,21.5,9,,2025-09-27T06:46:11,2025-09-27T18:45:31,0.18,Partially cloudy,Clearing in the afternoon.,partly-cloudy-day,HECA
cairo,2025-09-28,32,23,26.4,31.9,23,26.5,17.9,61.9,0,0,0,,0,0,37.8,31.7,10.3,1013.9,27.7,8.1,247.2,21.3,8,,2025-09-28T06:46:44,2025-09-28T18:44:17,0.21,Partially cloudy,Partly cloudy throughout the day.,partly-cloudy-day,HECA
cairo,2025-09-29,33,21,26.5,31.9,21,26.3,16.1,55.6,0,0,0,,0,0,34.2,33.5,29.1,1014.6,19.4,10,250,21.7,9,,2025-09-29T06:47:18,2025-09-29T18:43:03,0.25,Clear,Clear conditions throughout the day.,clear-day,HECA
cairo,2025-09-30,33,22,26.9,31.9,22,26.9,17.2,58.3,0,0,0,,0,0,33.5,25.9,19,1014.6,3.1,10,243.3,20.9,8,,2025-09-30T06:47:53,2025-09-30T18:41:49,0.25,Clear,Clear conditions throughout the day.,clear-day,HECA
cairo,2025-10-01,31,22,26.3,29.6,22,25.9,15.5,55,0,0,0,,0,0,31,27.7,20.5,1013.5,16.7,10,245.6,21.1,8,,2025-10-01T06:48:27,2025-10-01T18:40:36,0.31,Clear,Clear conditions throughout the day.,clear-day,HECA
cairo,2025-10-02,36,21,28.3,33.6,21,27.4,11.6,40.6,0,0,0,,0,0,24.1,33.5,56.8,1010,0,9.2,242,21,8,,2025-10-02T06:49:02,2025-10-02T18:39:23,0.34,Clear,Clear conditions throughout the day.,clear-day,HECA
cairo,2025-10-03,32,24,28,31.8,24,28.1,15.1,46.8,0,0,0,,0,0,34.6,31.7,288.9,1010.3,15.6,8.5,240.9,20.8,8,,2025-10-03T06:49:36,2025-10-03T18:38:10,0.38,Clear,Clear conditions throughout the day.,clear-day,HECA
cairo,2025-10-04,33,22,27.6,31.3,22,27,14.3,48.3,0,0,0,,0,0,31.7,33.5,36.1,1015.5,2.2,10,239.7,20.8,8,,2025-10-04T06:50:12,2025-10-04T18:36:58,0.41,Clear,Clear conditions throughout the day.,clear-day,HECA
cairo,2025-10-05,30,23,25.7,29.6,23,25.8,17.2,60.9,0,0,0,,0,0,39.6,31.7,1.2,1016.6,52.3,10,200,17.3,7,,2025-10-05T06:50:47,2025-10-05T18:35:46,0.44,Partially cloudy,Partly cloudy throughout the day.,partly-cloudy-day,HECA
cairo,2025-10-06,29,20,24.7,28.2,20,24.5,12.8,48.7,0,0,0,,0,0,29.5,24.1,16.5,1015.3,11.2,10,237.4,20.5,8,,2025-10-06T06:51:23,2025-10-06T18:34:34,0.47,Clear,Clear conditions throughout the day.,clear-day,HECA
cairo,2025-10-07,31,22,26.4,29.3,22,25.7,10.8,40.4,0,0,0,,0,0,29.5,20.5,124.5,1012.4,6.3,10,234.3,20.2,8,,2025-10-07T06:51:59,2025-10-07T18:33:23,0.5,Clear,Clear conditions throughout the day.,clear-day,HECA
cairo,2025-10-08,33,23,27.3,30.9,23,26.8,11.3,38.3,0,0,0,,0,0,37.8,31.7,264.9,1012.6,15.6,7.8,217.6,18.8,8,,2025-10-08T06:52:35,2025-10-08T18:32:13,0.54,Clear,Clear conditions throughout the day.,clear-day,HECA
cairo,2025-10-09,28,21.4,25,27,21.4,24.7,11.7,45.3,0,0,0,,0,0,32.4,24.1,333.7,1017.3,23.3,9.1,234.4,20.3,8,,2025-10-09T06:53:12,2025-10-09T18:31:03,0.58,Partially cloudy,Partly cloudy throughout the day.,partly-cloudy-day,HECA
cairo,2025-10-10,28,20,23.6,27.1,20,23.5,12.8,52.3,0,0,0,,0,0,38.2,29.5,11.7,1019,46.3,9.3,198.9,17.1,7,,2025-10-10T06:53:49,2025-10-10T18:29:54,0.61,Partially cloudy,Partly cloudy throughout the day.,partly-cloudy-day,HECA
cairo,2025-10-11,28,19,23.4,27.4,19,23.3,12.9,52.8,0,0,0,,0,0,36.4,27.7,5.2,1015.8,50.7,9.8,228.5,19.7,8,,2025-10-11T06:54:26,2025-10-11T18:28:45,0.65,Partially cloudy,Partly cloudy throughout the day.,partly-cloudy-day,HECA
cairo,2025-10-12,27,19,23.1,26.8,19,23.1,13.4,55.6,0,0,0,,0,0,40.7,27.7,342.3,1014.2,33.4,7.7,207.5,17.9,8,,2025-10-12T06:55:04,2025-10-12T18:27:37,0.68,Partially cloudy,Partly cloudy throughout the day.,partly-cloudy-day,HECA
cairo,2025-10-13,28,19,23.3,27.2,19,23.2,11.9,50.4,0,0,0,,0,0,33.5,31.7,359.3,1015,2.5,9.8,225.7,19.4,8,,2025-10-13T06:55:42,2025-10-13T18:26:30,0.75,Clear,Clear conditions throughout the day.,clear-day,HECA
cairo,2025-10-14,28,20,23.5,27.4,20,23.4,13.5,54.4,0,0,0,,0,0,34.2,27.7,7,1015.9,23.1,8.3,226.6,19.6,8,,2025-10-14T06:56:20,2025-10-14T18:25:23,0.75,Partially cloudy,Partly cloudy throughout the day.,partly-cloudy-day,HECA
cairo,2025-10-15,27,19,23,26.9,19,23,13.5,56.2,0,0,0,,0,0,33.1,25.9,18.6,1015.6,42.8,10,222,19.1,8,,2025-10-15T06:56:59,2025-10-15T18:24:17,0.79,Partially cloudy,Partly cloudy throughout the day.,partly-cloudy-day,HECA
cairo,2025-10-16,28,18,22.8,27.2,18,22.8,12.7,54.1,0,0,0,,0,0,32.4,31.7,30,1015.4,13.5,9.2,220.6,19,8,,2025-10-16T06:57:38,2025-10-16T18:23:12,0.82,Clear,Clear conditions throughout the day.,clear-day,HECA
cairo,2025-10-17,28,19,23.3,27.8,19,23.2,13.8,56.1,0,0,0,,0,0,32,29.5,16.3,1017.7,31.9,8.5,218.5,18.7,8,,2025-10-17T06:58:18,2025-10-17T18:22:07,0.86,Partially cloudy,Partly cloudy throughout the day.,partly-cloudy-day,HECA
cairo,2025-10-18,29,17,23,28,17,22.9,13,55.2,0,0,0,,0,0,35.6,25.9,28.8,1019.6,0,9.7,220.9,19.1,8,,2025-10-18T06:58:58,2025-10-18T18:21:04,0.89,Clear,Clear conditions throughout the day.,clear-day,HECA
cairo,2025-10-19,29,17,23,28.3,17,22.9,14.3,60.5,0,0,0,,0,0,34.2,22.3,39,1018.5,8.3,9.3,217.6,18.7,8,,2025-10-19T06:59:38,2025-10-19T18:20:01,0.93,Clear,Clear conditions throughout the day.,clear-day,HECA
cairo,2025-10-20,32,19,25,30.3,19,24.5,13.6,54.5,0,0,0,,0,0,38.5,29.5,49.6,1015.3,0,9.8,216.3,18.7,8,,2025-10-20T07:00:19,2025-10-20T18:18:59,0.96,Clear,Clear conditions throughout the day.,clear-day,HECA
cairo,2025-10-21,33,18,25,31.9,18,24.6,14.7,59.4,0,0,0,,0,0,44.6,35.3,47.3,1013.3,1,10,215.6,18.6,8,,2025-10-21T07:01:01,2025-10-21T18:17:58,0,Clear,Clear conditions throughout the day.,clear-day,HECA
cairo,2025-10-22,34,21,26.3,31.7,21,25.6,13.7,54.4,0,0,0,,0,0,36.4,37.1,54,1013.8,0,9.8,214,18.5,8,,2025-10-22T07:01:42,2025-10-22T18:16:58,0.03,Clear,Clear conditions throughout the day.,clear-day,HECA
cairo,2025-10-23,31,20,25.6,30.9,20,25.6,17.7,65.5,0,0,0,,0,0,26.6,20.5,24,1013.8,7.8,8.6,211.2,18.4,8,,2025-10-23T07:02:24,2025-10-23T18:15:59,0.06,Clear,Clear conditions throughout the day.,clear-day,HECA
cairo,2025-10-24,31,20,25.4,29.5,20,25,15.5,59.3,0,0,0,,0,0,22.3,18.4,16.3,1015.2,5.2,8,207.8,17.9,8,,2025-10-24T07:03:07,2025-10-24T18:15:01,0.09,Clear,Clear conditions throughout the day.,clear-day,HECA
cairo,2025-10-25,32,21,26.3,30.3,21,25.7,12.8,46.7,0,0,0,,0,0,27.7,20.5,1.7,1015,0,9,206.7,17.7,7,,2025-10-25T07:03:50,2025-10-25T18:14:03,0.13,Clear,Clear conditions throughout the day.,clear-day,HECA
cairo,2025-10-26,29,21,24.9,28.3,21,24.8,16,59.7,0,0,0,,0,0,29.5,24.1,5.9,1015.9,24,7.1,197.6,17,7,,2025-10-26T07:04:33,2025-10-26T18:13:07,0.16,Partially cloudy,Partly cloudy throughout the day.,partly-cloudy-day,HECA
cairo,2025-10-27,29,20,24.4,28.5,20,24.4,16.2,61.5,0,0,0,,0,0,26.3,22.3,37,1015,20.7,10,199.6,17.2,7,,2025-10-27T07:05:17,2025-10-27T18:12:12,0.19,Partially cloudy,Partly cloudy throughout the day.,partly-cloudy-day,HECA
cairo,2025-10-28,29,19,23.7,28.8,19,23.7,16,64.4,0,0,0,,0,0,23.4,27.7,37.3,1014.4,6.6,9,204.1,17.7,7,,2025-10-28T07:06:01,2025-10-28T18:11:19,0.23,Clear,Clear conditions throughout the day.,clear-day,HECA
cairo,2025-10-29,28,18,23.1,28.2,18,23.1,16,66.4,0,0,0,,0,0,32,29.5,33.3,1016.3,2.3,9.1,200.5,17.3,7,,2025-10-29T07:06:46,2025-10-29T18:10:26,0.25,Clear,Clear conditions throughout the day.,clear-day,HECA
cairo,2025-10-30,28,21,23.7,28.2,21,23.7,16.5,65.4,0,0,0,,0,0,34.6,33.5,28.6,1016.3,49.5,9.5,175.8,15.8,7,,2025-10-30T07:07:31,2025-10-30T18:09:34,0.29,Partially cloudy,Partly cloudy throughout the day.,partly-cloudy-day,HECA
cairo,2025-10-31,29,21,24.2,29.1,21,24.3,17.2,65.9,0,0,0,,0,0,40,29.5,15.1,1016.1,55.8,10,182.2,15.7,7,,2025-10-31T06:08:16,2025-10-31T17:08:44,0.33,Partially cloudy,Partly cloudy throughout the day.,partly-cloudy-day,HECA
cairo,2025-11-01,29,20,24.1,29.4,20,24.2,18,70.8,0,0,0,,0,0,37.1,29.5,30.8,1016.3,83.7,8.8,179.5,15.5,7,,2025-11-01T06:09:02,2025-11-01T17:07:55,0.36,Partially cloudy,Partly cloudy throughout the day.,partly-cloudy-day,HECA
cairo,2025-11-02,29,21,24.3,29.4,21,24.4,17.8,69,0.2,0,0,rain,0,0,36,27.7,37.9,1015.5,64.9,8.2,151.9,13,6,,2025-11-02T06:09:48,2025-11-02T17:07:07,0.4,Partially cloudy,Partly cloudy throughout the day.,partly-cloudy-day,HECA
cairo,2025-11-03,28,22,25,28.2,22,25,15.1,58.8,0.4,0,0,rain,0,0,54,40.7,48.2,1015.8,79.5,9.1,142.1,12.3,5,,2025-11-03T06:10:35,2025-11-03T17:06:20,0.43,Partially cloudy,Partly cloudy throughout the day.,partly-cloudy-day,HECA
cairo,2025-11-04,33,22,26.9,31,22,26.2,9.7,36.1,0,0,0,,0,0,48.2,29.5,39.5,1013.9,39.2,8.1,185.5,15.9,7,,2025-11-04T06:11:21,2025-11-04T17:05:35,0.46,Partially cloudy,Partly cloudy throughout the day.,partly-cloudy-day,HECA
cairo,2025-11-05,28,20.9,24.6,28.8,20.9,24.8,18.8,71.5,0,0,0,,0,0,22.7,16.6,322.5,1012.8,15.4,5,181.5,15.6,7,,2025-11-05T06:12:09,2025-11-05T17:04:51,0.5,Clear,Clear conditions throughout the day.,clear-day,HECA
cairo,2025-11-06,27,22,24.4,27.2,22,24.4,16.5,63.3,0,0,0,,0,0,24.8,18.4,306,1012.8,47.2,6.5,161.1,14.1,7,,2025-11-06T06:12:56,2025-11-06T17:04:08,0.53,Partially cloudy,Partly cloudy throughout the day.,partly-cloudy-day,HECA
cairo,2025-11-07,28,21,24.1,27.2,21,23.9,12.2,50.1,0,0,0,,0,0,21.2,16.6,42.9,1014.9,17.4,7.9,186.5,16.2,7,,2025-11-07T06:13:44,2025-11-07T17:03:27,0.56,Clear,Clear conditions throughout the day.,clear-day,HECA
cairo,2025-11-08,28,14,22.7,27.6,14,22.7,12.8,54.6,0,0,0,,0,0,31,29.5,38,1017.3,17.8,8.3,183.6,15.8,7,,2025-11-08T06:14:33,2025-11-08T17:02:47,0.6,Clear,Clear conditions throughout the day.,clear-day,HECA
cairo,2025-11-09,28,19,23.3,28.2,19,23.3,16.1,65.1,0,0,0,,0,0,40.7,31.7,34.4,1017.7,36.1,8.8,172.8,14.9,7,,2025-11-09T06:15:21,2025-11-09T17:02:09,0.63,Partially cloudy,Partly cloudy throughout the day.,partly-cloudy-day,HECA
cairo,2025-11-10,28,21,23.8,28.5,21,23.9,17.7,69.9,0,0,0,,0,0,28.4,27.7,37.9,1016.6,48.2,8.9,166.8,14.5,7,,2025-11-10T06:16:10,2025-11-10T17:01:32,0.67,Partially cloudy,Clearing in the afternoon.,partly-cloudy-day,HECA
cairo,2025-11-11,26,20,22.8,26,20,22.8,13.8,58.1,0,0,0,,0,0,23.4,18.4,12.4,1016.5,49.7,8.9,174.4,15.2,7,,2025-11-11T06:16:59,2025-11-11T17:00:56,0.7,Partially cloudy,Partly cloudy throughout the day.,partly-cloudy-day,HECA
cairo,2025-11-12,26,16,20.9,26,16,20.9,12.4,59.6,0,0,0,,0,0,23.8,20.5,38.8,1016.5,39.7,9.7,173.1,15,7,,2025-11-12T06:17:49,2025-11-12T17:00:22,0.75,Partially cloudy,Partly cloudy throughout the day.,partly-cloudy-day,HECA
cairo,2025-11-13,24,17,20.8,24,17,20.8,13.6,65.1,0,0,0,,0,0,37.1,24.1,309.2,1016.5,30.1,6.2,155.3,13.4,6,,2025-11-13T06:18:38,2025-11-13T16:59:49,0.77,Partially cloudy,Partly cloudy throughout the day.,partly-cloudy-day,HECA
cairo,2025-11-14,24,17,20.2,24,17,20.2,11.4,58,0.1,0,0,rain,0,0,40.3,22.3,278.3,1016.5,54.6,10,147.6,12.7,6,,2025-11-14T06:19:28,2025-11-14T16:59:18,0.8,Partially cloudy,Partly cloudy throughout the day.,partly-cloudy-day,HECA
cairo,2025-11-15,25,16,20.5,25,16,20.5,10.7,53.8,0,0,0,,0,0,36.4,22.3,251.4,1016.6,48.5,9.8,159.4,14,6,,2025-11-15T06:20:18,2025-11-15T16:58:49,0.83,Partially cloudy,Partly cloudy throughout the day.,partly-cloudy-day,HECA
cairo,2025-11-16,25,17,20.8,25,17,20.8,11.5,56.1,0,0,0,,0,0,23,14.8,245.8,1019,45,7.7,144.9,12.7,6,,2025-11-16T06:21:08,2025-11-16T16:58:21,0.87,Partially cloudy,Partly cloudy throughout the day.,partly-cloudy-day,HECA
cairo,2025-11-17,24,15,20.3,24,15,20.3,10,52.9,0,0,0,,0,0,22,20.5,25.9,1021.8,39.2,10,167.2,14.6,6,,2025-11-17T06:21:58,2025-11-17T16:57:55,0.9,Partially cloudy,Partly cloudy throughout the day.,partly-cloudy-day,HECA
cairo,2025-11-18,26,15,20.2,26,15,20.2,12.2,61.8,0,0,0,,0,0,30.2,25.9,33.2,1019.8,1.4,10,175,15.2,7,,2025-11-18T06:22:48,2025-11-18T16:57:30,0.94,Clear,Clear conditions throughout the day.,clear-day,HECA
cairo,2025-11-19,27,16,20.9,26.9,16,20.9,13.5,65.2,0,0,0,,0,0,25.9,164.9,27.9,1016.9,1.3,6.5,173.8,15.1,7,,2025-11-19T06:23:39,2025-11-19T16:57:07,0.97,Clear,Clear conditions throughout the day.,wind,HECA
cairo,2025-11-20,26,15,20.9,26,15,20.9,14.4,67.9,0,0,0,,0,0,18.7,14.8,24.7,1017.2,0,5.1,170.5,14.7,7,,2025-11-20T06:24:29,2025-11-20T16:56:46,0,Clear,Clear conditions throughout the day.,clear-day,HECA
cairo,2025-11-21,30,17,23.4,28.8,17,23.2,12,51,0,0,0,,0,0,15.5,22.3,39.7,1017.5,0.1,5.1,170,14.8,7,,2025-11-21T06:25:19,2025-11-21T16:56:26,0.04,Clear,Clear conditions throughout the day.,clear-day,HECA
cairo,2025-11-22,33,19,25.6,30.7,19,24.9,6.6,31.8,0,0,0,,0,0,15.8,16.6,50.5,1017.3,25.7,5,173.9,15,7,,2025-11-22T06:26:09,2025-11-22T16:56:08,0.07,Partially cloudy,Partly cloudy throughout the day.,partly-cloudy-day,HECA
cairo,2025-11-23,34,19,25.5,31.4,19,24.9,6.5,32.2,0,0,0,,0,0,21.2,16.6,335.7,1014.7,33.9,5.8,163.5,14.1,7,,2025-11-23T06:27:00,2025-11-23T16:55:52,0.11,Partially cloudy,Partly cloudy throughout the day.,partly-cloudy-day,HECA
cairo,2025-11-24,25,20,21.8,25,20,21.8,15.8,69.8,0.3,0,0,rain,0,0,33.5,25.9,324.1,1016.1,47,5.8,131.5,11.3,6,,2025-11-24T06:27:50,2025-11-24T16:55:37,0.14,Partially cloudy,Partly cloudy throughout the day.,partly-cloudy-day,HECA
cairo,2025-11-25,23,17,20.1,23,17,20.1,10.2,54.8,0,0,0,,0,0,27,18.4,343.7,1019,36.4,7.8,153.8,13.3,6,,2025-11-25T06:28:39,2025-11-25T16:55:24,0.17,Partially cloudy,Partly cloudy throughout the day.,partly-cloudy-day,HECA
cairo,2025-11-26,23,14,18.6,23,14,18.6,8.5,53.2,0,0,0,,0,0,28.8,27.7,43.1,1018.7,16.5,10,169.2,14.7,7,,2025-11-26T06:29:29,2025-11-26T16:55:12,0.21,Clear,Clear conditions throughout the day.,clear-day,HECA
cairo,2025-11-27,25,14,19,25,14,19,10.5,60.2,0,0,0,,0,0,27.4,24.1,48.6,1016.4,6.2,9.3,168.8,14.7,7,,2025-11-27T06:30:19,2025-11-27T16:55:03,0.24,Clear,Clear conditions throughout the day.,clear-day,HECA
cairo,2025-11-28,24,13,19.3,24,13,19.3,10.3,57.7,0,0,0,,0,0,16.6,11.2,46.4,1016.5,77.3,9,155.2,13.4,6,,2025-11-28T06:31:08,2025-11-28T16:54:55,0.25,Partially cloudy,Partly cloudy throughout the day.,partly-cloudy-day,HECA
cairo,2025-11-29,25,15,20.5,25,15,20.5,8.7,48.5,0,0,0,,0,0,23.8,16.6,182.5,1015,90.4,6.1,140.3,12.1,6,,2025-11-29T06:31:56,2025-11-29T16:54:49,0.31,Overcast,Cloudy skies throughout the day.,cloudy,HECA
cairo,2025-11-30,22,16,18.8,22,16,18.8,4.3,39.1,0,0,0,,0,0,28.4,20.5,274.5,1017.8,26.7,8,170.7,14.8,7,,2025-11-30T06:32:45,2025-11-30T16:54:44,0.35,Partially cloudy,Partly cloudy throughout the day.,partly-cloudy-day,HECA
cairo,2025-12-01,23,13,18.5,23,13,18.5,10,59.2,0,0,0,,0,0,29.5,20.5,9.5,1019.3,22.3,7.9,158.7,13.7,6,,2025-12-01T06:33:33,2025-12-01T16:54:41,0.38,Partially cloudy,Becoming cloudy in the afternoon.,partly-cloudy-day,HECA
cairo,2025-12-02,23,13,18.1,23,13,18.1,10.5,62.4,0,0,0,,0,0,30.2,22.3,28.3,1018.9,9.5,7.9,151.2,13,6,,2025-12-02T06:34:21,2025-12-02T16:54:40,0.41,Clear,Clear conditions throughout the day.,clear-day,HECA
cairo,2025-12-03,24,14,18.7,24,14,18.7,10.6,61.4,0,0,0,,0,0,37.8,33.5,51.7,1017.3,59.7,9,156.6,13.5,6,,2025-12-03T06:35:08,2025-12-03T16:54:41,0.45,Partially cloudy,Partly cloudy throughout the day.,partly-cloudy-day,HECA
cairo,2025-12-04,26,14,19.9,26,14,19.9,8.8,52.9,0,0,0,,0,0,19.8,16.6,63.3,1014.2,10.6,8.8,156.2,13.5,6,,2025-12-04T06:35:54,2025-12-04T16:54:43,0.48,Clear,Clear conditions throughout the day.,clear-day,HECA
cairo,2025-12-05,26,17,21.6,26,17,21.6,4.5,34.4,0,0,0,,0,0,36.4,27.7,223.6,1011.8,18.4,9.2,156.6,13.5,6,,2025-12-05T06:36:40,2025-12-05T16:54:47,0.5,Clear,Clear conditions throughout the day.,clear-day,HECA
cairo,2025-12-06,23,14,18.6,23,14,18.6,5.2,44.9,0,0,0,,0,0,38.5,29.5,240.8,1011.8,12.5,7.7,155.9,13.7,6,,2025-12-06T06:37:26,2025-12-06T16:54:53,0.55,Clear,Clear conditions throughout the day.,clear-day,HECA
cairo,2025-12-07,20,13,16.3,20,13,16.3,1,35.7,0,0,0,,0,0,44.3,31.7,199.5,1013.8,4.3,8.7,160.8,14.1,6,,2025-12-07T06:38:10,2025-12-07T16:55:00,0.58,Clear,Clear conditions throughout the day.,clear-day,HECA
cairo,2025-12-08,20,13,15.9,20,13,15.9,7,56.2,0.7,0,4.17,rain,0,0,42.5,33.5,183.8,1014.9,38.3,5,135.2,11.6,5,,2025-12-08T06:38:54,2025-12-08T16:55:09,0.61,Partially cloudy,Partly cloudy throughout the day.,partly-cloudy-day,HECA
cairo,2025-12-09,20,13,16.3,20,13,16.3,8.8,62,0,0,0,,0,0,38.5,27.7,201.5,1014.1,38,4.9,135.6,11.7,6,,2025-12-09T06:39:38,2025-12-09T16:55:20,0.65,Partially cloudy,Becoming cloudy in the afternoon.,partly-cloudy-day,HECA
cairo,2025-12-10,20,13,16.3,20,13,16.3,9.8,66.4,0.6,0,0,rain,0,0,41.4,29.5,246.1,1016.8,34.6,7.8,130.4,11.3,5,,2025-12-10T06:40:20,2025-12-10T16:55:32,0.68,Partially cloudy,Partly cloudy throughout the day.,partly-cloudy-day,HECA
cairo,2025-12-11,20,15,16.9,20,15,16.9,8.4,58.6,0,0,0,,0,0,32.8,16.6,223.8,1017.2,48.9,6.1,113,9.8,5,,2025-12-11T06:41:02,2025-12-11T16:55:46,0.75,Partially cloudy,Partly cloudy throughout the day.,partly-cloudy-day,HECA
cairo,2025-12-12,20,14,17,20,14,17,7.8,54.5,0,0,0,,0,0,31,18.4,216.5,1017.1,67.3,7,114.1,9.8,5,,2025-12-12T06:41:42,2025-12-12T16:56:02,0.75,Partially cloudy,Partly cloudy throughout the day.,partly-cloudy-day,HECA
cairo,2025-12-13,21,13,17.6,21,13,17.6,9.6,60.3,0,0,0,,0,0,23.8,16.6,305.6,1018.7,41.3,6.5,138.4,11.9,6,,2025-12-13T06:42:22,2025-12-13T16:56:19,0.78,Partially cloudy,Becoming cloudy in the afternoon.,partly-cloudy-day,HECA
cairo,2025-12-14,21,14,17.8,21,14,17.8,10.3,62.8,0.3,0,0,rain,0,0,23.4,16.6,357.4,1018.7,52.9,3.2,123.7,10.6,6,,2025-12-14T06:43:01,2025-12-14T16:56:38,0.81,Partially cloudy,Partly cloudy throughout the day.,partly-cloudy-day,HECA
cairo,2025-12-15,20,13,17.3,20,13,17.3,9.4,61.2,0,0,0,,0,0,40.3,24.1,293.3,1017.8,51.1,7.3,129.7,11.2,5,,2025-12-15T06:43:39,2025-12-15T16:56:58,0.85,Partially cloudy,Partly cloudy throughout the day.,partly-cloudy-day,HECA
cairo,2025-12-16,20,13,16.5,20,13,16.5,8,58.3,0,0,0,,0,0,33.8,24.1,331.5,1017.5,60,9.5,98,8.4,5,,2025-12-16T06:44:16,2025-12-16T16:57:20,0.88,Partially cloudy,Partly cloudy throughout the day.,partly-cloudy-day,HECA
cairo,2025-12-17,20,12,15.8,20,12,15.8,6.5,55.1,0.2,0,0,rain,0,0,40,33.5,17,1019.8,53.5,8.6,110.2,9.5,4,,2025-12-17T06:44:51,2025-12-17T16:57:43,0.91,Partially cloudy,Partly cloudy throughout the day.,partly-cloudy-day,HECA
cairo,2025-12-18,20,10,14.7,20,9.1,14.6,3.5,49.7,0,0,0,,0,0,37.8,27.7,54.7,1026.2,9.1,8.2,156.7,13.6,6,,2025-12-18T06:45:26,2025-12-18T16:58:08,0.95,Clear,Clear conditions throughout the day.,clear-day,HECA
cairo,2025-12-19,21,9,15.2,21,8.1,15,5.5,54,0,0,0,,0,0,31.3,20.5,54.9,1024.6,30.3,9.3,149,12.9,6,,2025-12-19T06:45:59,2025-12-19T16:58:34,0.98,Partially cloudy,Partly cloudy throughout the day.,partly-cloudy-day,HECA
cairo,2025-12-20,22,10,15.8,22,8.1,15.7,5.8,54.3,0,0,0,,0,0,23.8,25.9,65,1017.5,14.8,10,158.7,13.6,6,,2025-12-20T06:46:31,2025-12-20T16:59:02,0,Clear,Clear conditions throughout the day.,clear-day,HECA
cairo,2025-12-21,22,14,18,22,14,18,1.6,34.2,0,0,0,,0,0,39.2,29.5,178.7,1012.6,28.1,7.4,156.3,13.4,6,,2025-12-21T06:47:02,2025-12-21T16:59:31,0.05,Partially cloudy,Clearing in the afternoon.,partly-cloudy-day,HECA
cairo,2025-12-22,21,13,17.1,21,13,17.1,0.2,32.5,0,0,0,,0,0,35.3,25.9,182.2,1013.6,4.3,7.5,159.3,13.7,6,,2025-12-22T06:47:32,2025-12-22T17:00:02,0.08,Clear,Clear conditions throughout the day.,clear-day,HECA
cairo,2025-12-23,21,12,16.3,21,12,16.3,3.2,42,0,0,0,,0,0,23.8,20.5,200.1,1016.5,1.8,6.7,158.9,13.7,6,,2025-12-23T06:48:00,2025-12-23T17:00:33,0.12,Clear,Clear conditions throughout the day.,clear-day,HECA
cairo,2025-12-24,22,11,16.2,22,11,16.2,5.3,50.2,0,0,0,,0,0,24.5,24.1,60.4,1018.4,22.7,7.3,157.6,13.7,6,,2025-12-24T06:48:27,2025-12-24T17:01:06,0.15,Partially cloudy,Partly cloudy throughout the day.,partly-cloudy-day,HECA
cairo,2025-12-25,21,11,15.8,21,11,15.8,10.3,71.4,0,0,0,,0,0,28.4,22.3,24.3,1017.3,44.5,6.5,150.6,13.1,6,,2025-12-25T06:48:53,2025-12-25T17:01:41,0.19,Partially cloudy,Partly cloudy throughout the day.,partly-cloudy-day,HECA
cairo,2025-12-26,21,12,16,21,12,16,9.4,67.1,0,0,0,,0,0,28.4,18.4,4.9,1016.9,43.4,5,148.2,12.9,6,,2025-12-26T06:49:17,2025-12-26T17:02:16,0.22,Partially cloudy,Becoming cloudy in the afternoon.,partly-cloudy-day,HECA
cairo,2025-12-27,21,12,16.2,21,12,16.2,8.8,62.7,0,0,0,,0,0,34.9,20.5,268.9,1014,39,7.7,142.3,12.5,6,,2025-12-27T06:49:40,2025-12-27T17:02:53,0.25,Partially cloudy,Partly cloudy throughout the day.,partly-cloudy-day,HECA
cairo,2025-12-28,19,13,15.8,19,13,15.8,7.9,60.3,0,0,0,,0,0,38.5,27.7,256.7,1013.2,36.3,7.6,144.6,12.5,6,,2025-12-28T06:50:02,2025-12-28T17:03:31,0.29,Partially cloudy,Partly cloudy throughout the day.,partly-cloudy-day,HECA
cairo,2025-12-29,21,13,16.3,21,13,16.3,7.5,56.5,0,0,0,,0,0,49.7,29.5,238.9,1016.3,28.7,8.2,130.7,11.3,6,,2025-12-29T06:50:21,2025-12-29T17:04:09,0.33,Partially cloudy,Partly cloudy throughout the day.,partly-cloudy-day,HECA
cairo,2025-12-30,20,13,16.8,20,13,16.8,6.8,52.3,0,0,0,,0,0,24.5,18.4,164.7,1019.2,52.9,7.6,129.5,11.1,5,,2025-12-30T06:50:40,2025-12-30T17:04:49,0.36,Partially cloudy,Becoming cloudy in the afternoon.,partly-cloudy-day,HECA
cairo,2025-12-31,21,13,16.7,21,13,16.7,3.6,42.7,0,0,0,,0,0,46.4,33.5,197.3,1013.5,49.4,8.2,157.5,13.5,6,,2025-12-31T06:50:57,2025-12-31T17:05:30,0.4,Partially cloudy,Partly cloudy throughout the day.,partly-cloudy-day,HECA
